t,W_spectrax,W_gx,Phi2_spectrax,Phi2_gx,qflux_spectrax,qflux_gx,pflux_spectrax,pflux_gx,phi_mode_re,phi_mode_im
7.096817182581687672e-03,7.723706003299145095e+01,5.310932544708251953e+03,4.641798618433615047e+04,3.999728453125000000e+06,-4.473557379976249649e+03,1.504553437500000000e+05,0.000000000000000000e+00,0.000000000000000000e+00,-1.552328627451850407e+00,1.651651910384526412e+00
1.157839710344052593e-02,2.658234232700494317e+02,7.222413864135742188e+02,1.261411833471812969e+02,8.937929835319519043e+02,8.817740205848711810e+01,1.267783355712890625e+02,0.000000000000000000e+00,0.000000000000000000e+00,-1.368151373332938611e-02,-2.930006689077895021e-02
1.620974801296836201e-02,2.589463323232063203e+02,7.347138028144836426e+02,9.962841513921431158e+01,2.927881574630737305e+02,2.574515889775361188e+02,2.432911224365234375e+02,0.000000000000000000e+00,0.000000000000000000e+00,-1.587644915061641598e-02,-1.828095154432412758e-02
2.128060927580196007e-02,2.530144813896824587e+02,6.956445360183715820e+02,1.868182833523048600e+02,2.628778090476989746e+02,3.220517182569495276e+02,3.010324096679687500e+02,0.000000000000000000e+00,0.000000000000000000e+00,-1.800814522340719870e-02,-1.680725917539171652e-02
2.655795958152574326e-02,2.705088011508221939e+02,6.775785360336303711e+02,2.758745191675383239e+02,2.542036000490188599e+02,3.525662402842119150e+02,3.306070251464843750e+02,0.000000000000000000e+00,0.000000000000000000e+00,-2.368618555857296762e-02,-1.673426444668586061e-02
3.165729350306575179e-02,2.931495102275644058e+02,6.692201914787292480e+02,1.992561621158818639e+02,2.583321419954299927e+02,3.783115615140062005e+02,3.451090087890625000e+02,0.000000000000000000e+00,0.000000000000000000e+00,-2.670761681289854361e-02,-1.474109671683431801e-02
3.669980788289083778e-02,3.022274191764844318e+02,6.699275822639465332e+02,5.675729662688872850e+02,3.368013393878936768e+02,3.863285908103733277e+02,3.530896911621093750e+02,0.000000000000000000e+00,0.000000000000000000e+00,-2.645967925602057957e-02,-1.211067006759064535e-02
4.178542601368418624e-02,3.214937263823562148e+02,6.824799437522888184e+02,3.242260503888559242e+02,2.686913512349128723e+02,4.207733056033276284e+02,3.756376037597656250e+02,0.000000000000000000e+00,0.000000000000000000e+00,-3.365679869169488359e-02,-1.214187171449449855e-02
4.697703943336491161e-02,3.481721622022348015e+02,6.947887382507324219e+02,8.261590685519785211e+02,2.752085574269294739e+02,4.202658073384050113e+02,3.998960266113281250e+02,0.000000000000000000e+00,0.000000000000000000e+00,-3.520920168513850396e-02,-9.776274337618543961e-03
5.199039434473617244e-02,3.895433606000681834e+02,7.181849694252014160e+02,3.005610926372563654e+02,2.785825710296630859e+02,5.041229778818352543e+02,4.250773315429687500e+02,0.000000000000000000e+00,0.000000000000000000e+00,-3.289929082942603944e-02,-5.528753192513461735e-03
5.711899421847102531e-02,nan,7.477539963722229004e+02,nan,6.116872525215148926e+02,nan,4.531961975097656250e+02,0.000000000000000000e+00,0.000000000000000000e+00,nan,nan
6.236820247785249127e-02,nan,7.682846140861511230e+02,nan,3.339382683038711548e+02,nan,5.064258117675781250e+02,0.000000000000000000e+00,0.000000000000000000e+00,nan,nan
6.736530301841939239e-02,nan,7.940077614784240723e+02,nan,3.711201483011245728e+02,nan,5.418047485351562500e+02,0.000000000000000000e+00,0.000000000000000000e+00,nan,nan
7.234401920510194484e-02,nan,8.295629153251647949e+02,nan,5.125519728660583496e+02,nan,5.845551757812500000e+02,0.000000000000000000e+00,0.000000000000000000e+00,nan,nan
7.766102665786665804e-02,nan,8.614806199073791504e+02,nan,4.348909270763397217e+02,nan,6.382494506835937500e+02,0.000000000000000000e+00,0.000000000000000000e+00,nan,nan
8.273040112563199988e-02,nan,8.925292606353759766e+02,nan,4.995160676240921021e+02,nan,6.917861328125000000e+02,0.000000000000000000e+00,0.000000000000000000e+00,nan,nan
8.762579047866342341e-02,nan,9.469595813751220703e+02,nan,5.138591687679290771e+02,nan,7.538846435546875000e+02,0.000000000000000000e+00,0.000000000000000000e+00,nan,nan
9.255946954220123368e-02,nan,9.611343603134155273e+02,nan,7.739050116539001465e+02,nan,7.929434204101562500e+02,0.000000000000000000e+00,0.000000000000000000e+00,nan,nan
9.764225680748196690e-02,nan,1.016823406219482422e+03,nan,5.935669140815734863e+02,nan,8.658925781250000000e+02,0.000000000000000000e+00,0.000000000000000000e+00,nan,nan
1.025744815516987929e-01,nan,1.040175438880920410e+03,nan,8.032805995941162109e+02,nan,9.201392822265625000e+02,0.000000000000000000e+00,0.000000000000000000e+00,nan,nan
1.074681252310494134e-01,nan,1.080931372642517090e+03,nan,6.984737824201583862e+02,nan,9.846391601562500000e+02,0.000000000000000000e+00,0.000000000000000000e+00,nan,nan
1.125192835784217249e-01,nan,1.101496831893920898e+03,nan,7.840705726146697998e+02,nan,1.039662841796875000e+03,0.000000000000000000e+00,0.000000000000000000e+00,nan,nan
1.176727620594437418e-01,nan,1.136018368721008301e+03,nan,8.087047507762908936e+02,nan,1.099241699218750000e+03,0.000000000000000000e+00,0.000000000000000000e+00,nan,nan
1.228200295249371465e-01,nan,1.172405674934387207e+03,nan,1.046357113599777222e+03,nan,1.128952880859375000e+03,0.000000000000000000e+00,0.000000000000000000e+00,nan,nan
1.277743790354055886e-01,nan,1.210718586921691895e+03,nan,9.697261912822723389e+02,nan,1.181195434570312500e+03,0.000000000000000000e+00,0.000000000000000000e+00,nan,nan
1.325503185371242620e-01,nan,1.244669997215270996e+03,nan,9.714771938323974609e+02,nan,1.229197753906250000e+03,0.000000000000000000e+00,0.000000000000000000e+00,nan,nan
1.372234679631117726e-01,nan,1.292023881912231445e+03,nan,1.015069451570510864e+03,nan,1.277820434570312500e+03,0.000000000000000000e+00,0.000000000000000000e+00,nan,nan
1.419341317595056717e-01,nan,1.395162110328674316e+03,nan,8.356980926513671875e+03,nan,1.224130249023437500e+03,0.000000000000000000e+00,0.000000000000000000e+00,nan,nan
1.463159361746241838e-01,nan,1.960985868453979492e+03,nan,2.278276456832885742e+03,nan,1.541041748046875000e+03,0.000000000000000000e+00,0.000000000000000000e+00,nan,nan
1.510129844688562206e-01,nan,2.141784776687622070e+03,nan,1.575732494831085205e+03,nan,1.724861572265625000e+03,0.000000000000000000e+00,0.000000000000000000e+00,nan,nan
1.561360382438718164e-01,nan,2.116137617111206055e+03,nan,1.571767929077148438e+03,nan,1.706679443359375000e+03,0.000000000000000000e+00,0.000000000000000000e+00,nan,nan
1.614219315939749433e-01,nan,2.112350925445556641e+03,nan,1.783074969768524170e+03,nan,1.614661010742187500e+03,0.000000000000000000e+00,0.000000000000000000e+00,nan,nan
1.660851981613405970e-01,nan,2.147292766571044922e+03,nan,1.551938174724578857e+03,nan,1.586093750000000000e+03,0.000000000000000000e+00,0.000000000000000000e+00,nan,nan
1.709846670037247496e-01,nan,2.134635431289672852e+03,nan,1.483458588600158691e+03,nan,1.558024658203125000e+03,0.000000000000000000e+00,0.000000000000000000e+00,nan,nan
1.760474752053433900e-01,nan,2.123144899368286133e+03,nan,1.595242542743682861e+03,nan,1.508158691406250000e+03,0.000000000000000000e+00,0.000000000000000000e+00,nan,nan
1.807427956061533614e-01,nan,2.168783954620361328e+03,nan,1.446358581542968750e+03,nan,1.490026855468750000e+03,0.000000000000000000e+00,0.000000000000000000e+00,nan,nan
1.857174179197437491e-01,nan,2.155031393051147461e+03,nan,1.931946704864501953e+03,nan,1.467282714843750000e+03,0.000000000000000000e+00,0.000000000000000000e+00,nan,nan
1.908059216761878729e-01,nan,2.166574007034301758e+03,nan,1.407066877603530884e+03,nan,1.458284912109375000e+03,0.000000000000000000e+00,0.000000000000000000e+00,nan,nan
1.957655938130885842e-01,nan,2.162458786010742188e+03,nan,1.473942173480987549e+03,nan,1.432287353515625000e+03,0.000000000000000000e+00,0.000000000000000000e+00,nan,nan
2.005513113886361054e-01,nan,2.203265707015991211e+03,nan,1.462955251693725586e+03,nan,1.421766113281250000e+03,0.000000000000000000e+00,0.000000000000000000e+00,nan,nan
2.054327396224244484e-01,nan,2.195174427032470703e+03,nan,1.405448244571685791e+03,nan,1.452982299804687500e+03,0.000000000000000000e+00,0.000000000000000000e+00,nan,nan
2.101370935437189835e-01,nan,2.228762092590332031e+03,nan,1.417537863016128540e+03,nan,1.454400756835937500e+03,0.000000000000000000e+00,0.000000000000000000e+00,nan,nan
2.146822941981171018e-01,nan,2.257753301620483398e+03,nan,1.434879293203353882e+03,nan,1.477641845703125000e+03,0.000000000000000000e+00,0.000000000000000000e+00,nan,nan
2.197593975897572383e-01,nan,2.523002195358276367e+03,nan,8.324767718505859375e+04,nan,-1.651082000732421875e+02,0.000000000000000000e+00,0.000000000000000000e+00,nan,nan
2.242539805258323971e-01,nan,2.963865297317504883e+03,nan,1.662156024456024170e+03,nan,1.661694335937500000e+03,0.000000000000000000e+00,0.000000000000000000e+00,nan,nan
2.292106210255437648e-01,nan,2.936876119613647461e+03,nan,1.710603201866149902e+03,nan,1.711185546875000000e+03,0.000000000000000000e+00,0.000000000000000000e+00,nan,nan
2.343656868917395886e-01,nan,2.915050775527954102e+03,nan,1.677862784862518311e+03,nan,1.694405395507812500e+03,0.000000000000000000e+00,0.000000000000000000e+00,nan,nan
2.396638256580884419e-01,nan,2.919430240631103516e+03,nan,1.676892229557037354e+03,nan,1.658733398437500000e+03,0.000000000000000000e+00,0.000000000000000000e+00,nan,nan
2.448328032296639700e-01,nan,2.910989997863769531e+03,nan,1.646061350822448730e+03,nan,1.642854736328125000e+03,0.000000000000000000e+00,0.000000000000000000e+00,nan,nan
2.499467551839598400e-01,nan,2.918681804656982422e+03,nan,1.618444542884826660e+03,nan,1.623564575195312500e+03,0.000000000000000000e+00,0.000000000000000000e+00,nan,nan
2.550369753532295558e-01,nan,2.916769002914428711e+03,nan,1.606419314861297607e+03,nan,1.608626708984375000e+03,0.000000000000000000e+00,0.000000000000000000e+00,nan,nan
2.601838490928801706e-01,nan,2.922755578994750977e+03,nan,1.610852716207504272e+03,nan,1.594423217773437500e+03,0.000000000000000000e+00,0.000000000000000000e+00,nan,nan
2.653533511268219569e-01,nan,2.925985425949096680e+03,nan,1.604287323713302612e+03,nan,1.593791015625000000e+03,0.000000000000000000e+00,0.000000000000000000e+00,nan,nan
2.705138050568124397e-01,nan,2.927901863098144531e+03,nan,1.831048232078552246e+03,nan,1.572758666992187500e+03,0.000000000000000000e+00,0.000000000000000000e+00,nan,nan
2.757619536029560225e-01,nan,2.943949449539184570e+03,nan,1.610827844142913818e+03,nan,1.596879272460937500e+03,0.000000000000000000e+00,0.000000000000000000e+00,nan,nan
2.809958760836049896e-01,nan,2.953062728881835938e+03,nan,1.620576095104217529e+03,nan,1.605571289062500000e+03,0.000000000000000000e+00,0.000000000000000000e+00,nan,nan
2.860801605420267846e-01,nan,2.960124542236328125e+03,nan,1.697464212417602539e+03,nan,1.603232543945312500e+03,0.000000000000000000e+00,0.000000000000000000e+00,nan,nan
2.910546557590837913e-01,nan,2.971618928909301758e+03,nan,1.695245370149612427e+03,nan,1.607195068359375000e+03,0.000000000000000000e+00,0.000000000000000000e+00,nan,nan
2.961484118540175792e-01,nan,2.977069812774658203e+03,nan,1.660823674678802490e+03,nan,1.632069091796875000e+03,0.000000000000000000e+00,0.000000000000000000e+00,nan,nan
3.012424497626042807e-01,nan,2.990211309432983398e+03,nan,1.696143903970718384e+03,nan,1.644962890625000000e+03,0.000000000000000000e+00,0.000000000000000000e+00,nan,nan
3.065415995231911550e-01,nan,3.001031957626342773e+03,nan,1.952839920043945312e+03,nan,1.625397216796875000e+03,0.000000000000000000e+00,0.000000000000000000e+00,nan,nan
3.118521483488929658e-01,nan,3.019248096466064453e+03,nan,1.743474787712097168e+03,nan,1.687728027343750000e+03,0.000000000000000000e+00,0.000000000000000000e+00,nan,nan
3.167353478781966825e-01,nan,3.051148874282836914e+03,nan,1.809006076812744141e+03,nan,1.684581787109375000e+03,0.000000000000000000e+00,0.000000000000000000e+00,nan,nan
3.218390581011580931e-01,nan,3.077291604995727539e+03,nan,1.784509783506393433e+03,nan,1.740690429687500000e+03,0.000000000000000000e+00,0.000000000000000000e+00,nan,nan
3.269194442094022768e-01,nan,3.080191888809204102e+03,nan,2.480757045745849609e+03,nan,1.700244140625000000e+03,0.000000000000000000e+00,0.000000000000000000e+00,nan,nan
3.318021219440008829e-01,nan,3.133219030380249023e+03,nan,2.533552427291870117e+03,nan,1.685846923828125000e+03,0.000000000000000000e+00,0.000000000000000000e+00,nan,nan
3.367869943922107701e-01,nan,3.142679882049560547e+03,nan,1.947798153877258301e+03,nan,1.791122436523437500e+03,0.000000000000000000e+00,0.000000000000000000e+00,nan,nan
3.420650175613098032e-01,nan,3.155044317245483398e+03,nan,1.913715343236923218e+03,nan,1.797946899414062500e+03,0.000000000000000000e+00,0.000000000000000000e+00,nan,nan
3.471634300773002724e-01,nan,3.166834955215454102e+03,nan,1.918784302473068237e+03,nan,1.819669677734375000e+03,0.000000000000000000e+00,0.000000000000000000e+00,nan,nan
3.522303813172265596e-01,nan,3.193812850952148438e+03,nan,2.051805405139923096e+03,nan,1.816769653320312500e+03,0.000000000000000000e+00,0.000000000000000000e+00,nan,nan
3.576102398533221871e-01,nan,3.219203031539916992e+03,nan,2.219018922328948975e+03,nan,1.827121093750000000e+03,0.000000000000000000e+00,0.000000000000000000e+00,nan,nan
3.627708529822316619e-01,nan,3.256378330230712891e+03,nan,2.057688456058502197e+03,nan,1.860228515625000000e+03,0.000000000000000000e+00,0.000000000000000000e+00,nan,nan
3.679503440088816579e-01,nan,3.267623580932617188e+03,nan,2.187607349395751953e+03,nan,1.873266357421875000e+03,0.000000000000000000e+00,0.000000000000000000e+00,nan,nan
3.730043669895505842e-01,nan,3.303127870559692383e+03,nan,2.013485441446304321e+03,nan,1.907331787109375000e+03,0.000000000000000000e+00,0.000000000000000000e+00,nan,nan
3.781906062867509410e-01,nan,3.321857360839843750e+03,nan,2.083144828796386719e+03,nan,1.936279296875000000e+03,0.000000000000000000e+00,0.000000000000000000e+00,nan,nan
3.834210268097679730e-01,nan,3.335658575057983398e+03,nan,2.056338778495788574e+03,nan,1.942310424804687500e+03,0.000000000000000000e+00,0.000000000000000000e+00,nan,nan
3.886714605501967457e-01,nan,3.367004909515380859e+03,nan,2.118282148838043213e+03,nan,1.952902343750000000e+03,0.000000000000000000e+00,0.000000000000000000e+00,nan,nan
3.938252001748571707e-01,nan,3.386932136535644531e+03,nan,2.101285331249237061e+03,nan,1.970656616210937500e+03,0.000000000000000000e+00,0.000000000000000000e+00,nan,nan
3.989428893688580224e-01,nan,3.421459592819213867e+03,nan,4.126744136810302734e+03,nan,1.647746704101562500e+03,0.000000000000000000e+00,0.000000000000000000e+00,nan,nan
4.039831082810435015e-01,nan,3.443660358428955078e+03,nan,2.143914862155914307e+03,nan,2.007079345703125000e+03,0.000000000000000000e+00,0.000000000000000000e+00,nan,nan
4.091265504546838239e-01,nan,3.450348005294799805e+03,nan,2.274789379119873047e+03,nan,2.013583984375000000e+03,0.000000000000000000e+00,0.000000000000000000e+00,nan,nan
4.140989590115471408e-01,nan,3.496679271697998047e+03,nan,2.202310604333877563e+03,nan,2.036772827148437500e+03,0.000000000000000000e+00,0.000000000000000000e+00,nan,nan
4.190475048065843700e-01,nan,3.502771657943725586e+03,nan,2.294674261093139648e+03,nan,2.072250488281250000e+03,0.000000000000000000e+00,0.000000000000000000e+00,nan,nan
4.239884306367712186e-01,nan,3.535134891510009766e+03,nan,2.243807996749877930e+03,nan,2.079451660156250000e+03,0.000000000000000000e+00,0.000000000000000000e+00,nan,nan
4.289414123259737699e-01,nan,3.547242013931274414e+03,nan,2.271616453647613525e+03,nan,2.109385253906250000e+03,0.000000000000000000e+00,0.000000000000000000e+00,nan,nan
4.341131631403293278e-01,nan,3.583985652923583984e+03,nan,2.458460926055908203e+03,nan,2.098309814453125000e+03,0.000000000000000000e+00,0.000000000000000000e+00,nan,nan
4.390502538700351010e-01,nan,3.627734230041503906e+03,nan,2.333930393695831299e+03,nan,2.125503906250000000e+03,0.000000000000000000e+00,0.000000000000000000e+00,nan,nan
4.439794848693795482e-01,nan,3.620992225646972656e+03,nan,2.347563625097274780e+03,nan,2.152020996093750000e+03,0.000000000000000000e+00,0.000000000000000000e+00,nan,nan
4.491451338420216488e-01,nan,3.650155801773071289e+03,nan,2.436269646644592285e+03,nan,2.146091064453125000e+03,0.000000000000000000e+00,0.000000000000000000e+00,nan,nan
4.542619118456412974e-01,nan,3.659730026245117188e+03,nan,2.413802339553833008e+03,nan,2.167550292968750000e+03,0.000000000000000000e+00,0.000000000000000000e+00,nan,nan
4.593450479750433302e-01,nan,3.682326152801513672e+03,nan,2.409395543336868286e+03,nan,2.178846923828125000e+03,0.000000000000000000e+00,0.000000000000000000e+00,nan,nan
4.642678271734397288e-01,nan,3.699846042633056641e+03,nan,2.417627853155136108e+03,nan,2.174800292968750000e+03,0.000000000000000000e+00,0.000000000000000000e+00,nan,nan
4.693846479687068807e-01,nan,3.707751911163330078e+03,nan,2.839449239730834961e+03,nan,2.152555908203125000e+03,0.000000000000000000e+00,0.000000000000000000e+00,nan,nan
4.741889719133968728e-01,nan,3.730440567016601562e+03,nan,2.420227298974990845e+03,nan,2.173753906250000000e+03,0.000000000000000000e+00,0.000000000000000000e+00,nan,nan
4.791438844868604052e-01,nan,3.727764072418212891e+03,nan,2.496408164024353027e+03,nan,2.167840087890625000e+03,0.000000000000000000e+00,0.000000000000000000e+00,nan,nan
4.842399977399902133e-01,nan,3.749869407653808594e+03,nan,2.469960733890533447e+03,nan,2.164770996093750000e+03,0.000000000000000000e+00,0.000000000000000000e+00,nan,nan
4.894687828074095193e-01,nan,3.770745489120483398e+03,nan,2.464415430545806885e+03,nan,2.171442871093750000e+03,0.000000000000000000e+00,0.000000000000000000e+00,nan,nan
4.946070738293922298e-01,nan,3.778772254943847656e+03,nan,2.440995832920074463e+03,nan,2.161716308593750000e+03,0.000000000000000000e+00,0.000000000000000000e+00,nan,nan
4.996817143147893603e-01,nan,3.794097332000732422e+03,nan,2.607574746608734131e+03,nan,2.154700683593750000e+03,0.000000000000000000e+00,0.000000000000000000e+00,nan,nan
5.048554781981018369e-01,nan,3.818657882690429688e+03,nan,2.453004182338714600e+03,nan,2.131470947265625000e+03,0.000000000000000000e+00,0.000000000000000000e+00,nan,nan
5.101090467419429064e-01,nan,3.818386545181274414e+03,nan,2.537857923030853271e+03,nan,2.126513427734375000e+03,0.000000000000000000e+00,0.000000000000000000e+00,nan,nan
5.151464783067609687e-01,nan,3.841319549560546875e+03,nan,2.403626308202743530e+03,nan,2.115447753906250000e+03,0.000000000000000000e+00,0.000000000000000000e+00,nan,nan
5.200791569321130403e-01,nan,3.877600811004638672e+03,nan,2.414740167617797852e+03,nan,2.107835449218750000e+03,0.000000000000000000e+00,0.000000000000000000e+00,nan,nan
5.249933976327940677e-01,nan,3.885754894256591797e+03,nan,2.411042703628540039e+03,nan,2.108141601562500000e+03,0.000000000000000000e+00,0.000000000000000000e+00,nan,nan
5.302073707252510371e-01,nan,3.891605562210083008e+03,nan,2.431572680473327637e+03,nan,2.092315429687500000e+03,0.000000000000000000e+00,0.000000000000000000e+00,nan,nan
5.354099877585289935e-01,nan,3.890088703155517578e+03,nan,2.446401926040649414e+03,nan,2.080105468750000000e+03,0.000000000000000000e+00,0.000000000000000000e+00,nan,nan
5.405495365162101828e-01,nan,3.902573383331298828e+03,nan,2.388692307472229004e+03,nan,2.065750000000000000e+03,0.000000000000000000e+00,0.000000000000000000e+00,nan,nan
5.458701529276139830e-01,nan,3.919703687667846680e+03,nan,2.381680819034576416e+03,nan,2.065351806640625000e+03,0.000000000000000000e+00,0.000000000000000000e+00,nan,nan
5.511642544154645718e-01,nan,3.917643838882446289e+03,nan,2.384570030450820923e+03,nan,2.052862304687500000e+03,0.000000000000000000e+00,0.000000000000000000e+00,nan,nan
5.563495512836029722e-01,nan,3.932114065170288086e+03,nan,2.413488802433013916e+03,nan,2.041571777343750000e+03,0.000000000000000000e+00,0.000000000000000000e+00,nan,nan
5.616890311435152050e-01,nan,3.934573797225952148e+03,nan,2.405235931873321533e+03,nan,2.051403564453125000e+03,0.000000000000000000e+00,0.000000000000000000e+00,nan,nan
5.668191224451841759e-01,nan,3.944567226409912109e+03,nan,2.369159800767898560e+03,nan,2.046346069335937500e+03,0.000000000000000000e+00,0.000000000000000000e+00,nan,nan
5.718792393055820433e-01,nan,3.965673244476318359e+03,nan,2.375793674230575562e+03,nan,2.044378051757812500e+03,0.000000000000000000e+00,0.000000000000000000e+00,nan,nan
5.771923228338821099e-01,nan,3.982265304565429688e+03,nan,2.397712349414825439e+03,nan,2.046176513671875000e+03,0.000000000000000000e+00,0.000000000000000000e+00,nan,nan
5.824124482334142039e-01,nan,3.989649736404418945e+03,nan,2.450114536285400391e+03,nan,2.025336669921875000e+03,0.000000000000000000e+00,0.000000000000000000e+00,nan,nan
5.872016310419092555e-01,nan,4.052967899322509766e+03,nan,2.364099155664443970e+03,nan,2.031771240234375000e+03,0.000000000000000000e+00,0.000000000000000000e+00,nan,nan
5.919129740560302722e-01,nan,4.044872421264648438e+03,nan,2.364020572423934937e+03,nan,2.023314697265625000e+03,0.000000000000000000e+00,0.000000000000000000e+00,nan,nan
5.966923436627005195e-01,nan,4.625478450775146484e+03,nan,7.918839331054687500e+04,nan,5.224259643554687500e+02,0.000000000000000000e+00,0.000000000000000000e+00,nan,nan
6.013057521851448151e-01,nan,4.845177307128906250e+03,nan,2.531886995792388916e+03,nan,2.113256347656250000e+03,0.000000000000000000e+00,0.000000000000000000e+00,nan,nan
6.055526118114232803e-01,nan,4.781497951507568359e+03,nan,2.518737946987152100e+03,nan,2.124588378906250000e+03,0.000000000000000000e+00,0.000000000000000000e+00,nan,nan
6.104631945711018748e-01,nan,5.456586845397949219e+03,nan,3.340090759277343750e+04,nan,1.475692382812500000e+03,0.000000000000000000e+00,0.000000000000000000e+00,nan,nan
6.151713429246893350e-01,nan,5.847929622650146484e+03,nan,3.914793185234069824e+03,nan,1.895105468750000000e+03,0.000000000000000000e+00,0.000000000000000000e+00,nan,nan
6.201100648112851665e-01,nan,5.774998455047607422e+03,nan,2.532861783504486084e+03,nan,2.089297607421875000e+03,0.000000000000000000e+00,0.000000000000000000e+00,nan,nan
6.252647651622165181e-01,nan,5.732086204528808594e+03,nan,2.425660926818847656e+03,nan,1.995351074218750000e+03,0.000000000000000000e+00,0.000000000000000000e+00,nan,nan
6.302533725808534548e-01,nan,5.701395027160644531e+03,nan,2.281963085174560547e+03,nan,1.897115478515625000e+03,0.000000000000000000e+00,0.000000000000000000e+00,nan,nan
6.352710369799546841e-01,nan,5.666797752380371094e+03,nan,2.181346750497817993e+03,nan,1.816246337890625000e+03,0.000000000000000000e+00,0.000000000000000000e+00,nan,nan
6.404875590208595204e-01,nan,5.639661407470703125e+03,nan,2.085008354902267456e+03,nan,1.734925781250000000e+03,0.000000000000000000e+00,0.000000000000000000e+00,nan,nan
6.455336210167684774e-01,nan,5.629050743103027344e+03,nan,2.029527800559997559e+03,nan,1.672107299804687500e+03,0.000000000000000000e+00,0.000000000000000000e+00,nan,nan
6.506331555047057957e-01,nan,5.590830474853515625e+03,nan,1.939816884279251099e+03,nan,1.619095947265625000e+03,0.000000000000000000e+00,0.000000000000000000e+00,nan,nan
6.559179852734864369e-01,nan,5.564386878967285156e+03,nan,1.992252638816833496e+03,nan,1.551695922851562500e+03,0.000000000000000000e+00,0.000000000000000000e+00,nan,nan
6.609312112956556851e-01,nan,5.559245727539062500e+03,nan,1.822689193010330200e+03,nan,1.529580932617187500e+03,0.000000000000000000e+00,0.000000000000000000e+00,nan,nan
6.659610327556467757e-01,nan,5.541648048400878906e+03,nan,1.827160721063613892e+03,nan,1.479438720703125000e+03,0.000000000000000000e+00,0.000000000000000000e+00,nan,nan
6.713089828377390988e-01,nan,5.544447891235351562e+03,nan,1.904269462585449219e+03,nan,1.422747070312500000e+03,0.000000000000000000e+00,0.000000000000000000e+00,nan,nan
6.764914751435882057e-01,nan,5.533242752075195312e+03,nan,1.923401392459869385e+03,nan,1.399383544921875000e+03,0.000000000000000000e+00,0.000000000000000000e+00,nan,nan
6.815651391872769027e-01,nan,5.547294162750244141e+03,nan,1.831245785236358643e+03,nan,1.384476318359375000e+03,0.000000000000000000e+00,0.000000000000000000e+00,nan,nan
6.865954686689419439e-01,nan,5.562773315429687500e+03,nan,1.619438180685043335e+03,nan,1.380825927734375000e+03,0.000000000000000000e+00,0.000000000000000000e+00,nan,nan
6.918696544358110545e-01,nan,5.567911418914794922e+03,nan,1.597800665140151978e+03,nan,1.363617065429687500e+03,0.000000000000000000e+00,0.000000000000000000e+00,nan,nan
6.969514341466402918e-01,nan,5.581644611358642578e+03,nan,1.585783865928649902e+03,nan,1.353529541015625000e+03,0.000000000000000000e+00,0.000000000000000000e+00,nan,nan
7.023895414273697568e-01,nan,5.557612300872802734e+03,nan,1.565789065599441528e+03,nan,1.349867309570312500e+03,0.000000000000000000e+00,0.000000000000000000e+00,nan,nan
7.076229610759384725e-01,nan,5.556555904388427734e+03,nan,1.609559768676757812e+03,nan,1.336003173828125000e+03,0.000000000000000000e+00,0.000000000000000000e+00,nan,nan
7.128632482336183518e-01,nan,5.550958202362060547e+03,nan,1.646593665122985840e+03,nan,1.310145019531250000e+03,0.000000000000000000e+00,0.000000000000000000e+00,nan,nan
7.179137487482463165e-01,nan,5.548092906951904297e+03,nan,1.562111217260360718e+03,nan,1.349251708984375000e+03,0.000000000000000000e+00,0.000000000000000000e+00,nan,nan
7.231119869373496822e-01,nan,5.533284858703613281e+03,nan,1.520448128461837769e+03,nan,1.351181396484375000e+03,0.000000000000000000e+00,0.000000000000000000e+00,nan,nan
7.282971869206129600e-01,nan,5.530863018035888672e+03,nan,1.562242228984832764e+03,nan,1.359077148437500000e+03,0.000000000000000000e+00,0.000000000000000000e+00,nan,nan
7.334012975166648296e-01,nan,5.520187503814697266e+03,nan,1.517862844944000244e+03,nan,1.345943115234375000e+03,0.000000000000000000e+00,0.000000000000000000e+00,nan,nan
7.383706311225197716e-01,nan,5.532785903930664062e+03,nan,1.514115988016128540e+03,nan,1.345642211914062500e+03,0.000000000000000000e+00,0.000000000000000000e+00,nan,nan
7.435020220962581528e-01,nan,5.536520095825195312e+03,nan,1.532114260435104370e+03,nan,1.343413085937500000e+03,0.000000000000000000e+00,0.000000000000000000e+00,nan,nan
7.486968070447488355e-01,nan,5.538184276580810547e+03,nan,1.540123531818389893e+03,nan,1.345815795898437500e+03,0.000000000000000000e+00,0.000000000000000000e+00,nan,nan
7.539592913491338644e-01,nan,5.545754718780517578e+03,nan,1.567100409507751465e+03,nan,1.346948974609375000e+03,0.000000000000000000e+00,0.000000000000000000e+00,nan,nan
7.591334741812895137e-01,nan,5.555373649597167969e+03,nan,2.243244260787963867e+03,nan,1.278217041015625000e+03,0.000000000000000000e+00,0.000000000000000000e+00,nan,nan
7.639899413041854048e-01,nan,5.575919509887695312e+03,nan,1.553750893354415894e+03,nan,1.351680664062500000e+03,0.000000000000000000e+00,0.000000000000000000e+00,nan,nan
7.691224266256249109e-01,nan,5.570199771881103516e+03,nan,1.521212236881256104e+03,nan,1.351819824218750000e+03,0.000000000000000000e+00,0.000000000000000000e+00,nan,nan
7.743478070616974795e-01,nan,5.590850425720214844e+03,nan,1.516483497500419617e+03,nan,1.356254516601562500e+03,0.000000000000000000e+00,0.000000000000000000e+00,nan,nan
7.793581005112094617e-01,nan,5.580156860351562500e+03,nan,1.542056394100189209e+03,nan,1.359318359375000000e+03,0.000000000000000000e+00,0.000000000000000000e+00,nan,nan
7.845839143280275430e-01,nan,5.606372013092041016e+03,nan,1.644689385890960693e+03,nan,1.324998413085937500e+03,0.000000000000000000e+00,0.000000000000000000e+00,nan,nan
7.897459077166789632e-01,nan,5.604882198333740234e+03,nan,1.545755671739578247e+03,nan,1.376974121093750000e+03,0.000000000000000000e+00,0.000000000000000000e+00,nan,nan
7.947103245621236489e-01,nan,5.587969356536865234e+03,nan,1.526688699722290039e+03,nan,1.360176025390625000e+03,0.000000000000000000e+00,0.000000000000000000e+00,nan,nan
7.997103256940438776e-01,nan,5.597989925384521484e+03,nan,1.538004067659378052e+03,nan,1.359064819335937500e+03,0.000000000000000000e+00,0.000000000000000000e+00,nan,nan
8.048946760000952327e-01,nan,5.597041110992431641e+03,nan,1.532831165075302124e+03,nan,1.360005981445312500e+03,0.000000000000000000e+00,0.000000000000000000e+00,nan,nan
8.100719240733953441e-01,nan,5.591541847229003906e+03,nan,1.543548551559448242e+03,nan,1.364907836914062500e+03,0.000000000000000000e+00,0.000000000000000000e+00,nan,nan
8.150151641435198213e-01,nan,5.613029296875000000e+03,nan,1.548305605649948120e+03,nan,1.359498413085937500e+03,0.000000000000000000e+00,0.000000000000000000e+00,nan,nan
8.201079152570670550e-01,nan,5.607879856109619141e+03,nan,1.554941087961196899e+03,nan,1.363405151367187500e+03,0.000000000000000000e+00,0.000000000000000000e+00,nan,nan
8.252464285277397726e-01,nan,5.606268978118896484e+03,nan,1.707652423143386841e+03,nan,1.326565185546875000e+03,0.000000000000000000e+00,0.000000000000000000e+00,nan,nan
8.303433862522211495e-01,nan,5.622397747039794922e+03,nan,1.536545402050018311e+03,nan,1.365194335937500000e+03,0.000000000000000000e+00,0.000000000000000000e+00,nan,nan
8.355794736538583178e-01,nan,5.625869232177734375e+03,nan,1.667596343517303467e+03,nan,1.325003662109375000e+03,0.000000000000000000e+00,0.000000000000000000e+00,nan,nan
8.406813137474339337e-01,nan,5.643362346649169922e+03,nan,1.544884903669357300e+03,nan,1.373312011718750000e+03,0.000000000000000000e+00,0.000000000000000000e+00,nan,nan
8.459451177192072180e-01,nan,5.641414600372314453e+03,nan,1.555736159086227417e+03,nan,1.374944580078125000e+03,0.000000000000000000e+00,0.000000000000000000e+00,nan,nan
8.511579553063262082e-01,nan,5.650445762634277344e+03,nan,1.565450099706649780e+03,nan,1.367757324218750000e+03,0.000000000000000000e+00,0.000000000000000000e+00,nan,nan
8.562516074209572947e-01,nan,5.674341083526611328e+03,nan,1.661414314985275269e+03,nan,1.377571166992187500e+03,0.000000000000000000e+00,0.000000000000000000e+00,nan,nan
8.614531958358134789e-01,nan,5.699882186889648438e+03,nan,1.681715872764587402e+03,nan,1.358042480468750000e+03,0.000000000000000000e+00,0.000000000000000000e+00,nan,nan
8.665457306261645787e-01,nan,5.708346252441406250e+03,nan,1.658375899791717529e+03,nan,1.371306152343750000e+03,0.000000000000000000e+00,0.000000000000000000e+00,nan,nan
8.715611791401947084e-01,nan,5.730965167999267578e+03,nan,1.580709234476089478e+03,nan,1.413080810546875000e+03,0.000000000000000000e+00,0.000000000000000000e+00,nan,nan
8.764946936876696348e-01,nan,5.726548851013183594e+03,nan,1.566059119462966919e+03,nan,1.401980712890625000e+03,0.000000000000000000e+00,0.000000000000000000e+00,nan,nan
8.815877191140196745e-01,nan,5.745222698211669922e+03,nan,1.674800453662872314e+03,nan,1.403907104492187500e+03,0.000000000000000000e+00,0.000000000000000000e+00,nan,nan
8.866990754488363047e-01,nan,5.748941719055175781e+03,nan,1.590625531435012817e+03,nan,1.411481445312500000e+03,0.000000000000000000e+00,0.000000000000000000e+00,nan,nan
8.918462498293768803e-01,nan,5.754162677764892578e+03,nan,1.620417298555374146e+03,nan,1.409830078125000000e+03,0.000000000000000000e+00,0.000000000000000000e+00,nan,nan
8.967413785735149911e-01,nan,5.774287849426269531e+03,nan,1.563373158574104309e+03,nan,1.430269287109375000e+03,0.000000000000000000e+00,0.000000000000000000e+00,nan,nan
9.018766730462307590e-01,nan,5.761618038177490234e+03,nan,1.564863602638244629e+03,nan,1.426331420898437500e+03,0.000000000000000000e+00,0.000000000000000000e+00,nan,nan
9.069667172675793809e-01,nan,5.779011924743652344e+03,nan,1.565366399526596069e+03,nan,1.437569702148437500e+03,0.000000000000000000e+00,0.000000000000000000e+00,nan,nan
9.121192409868027484e-01,nan,5.784577835083007812e+03,nan,1.570912815093994141e+03,nan,1.446377929687500000e+03,0.000000000000000000e+00,0.000000000000000000e+00,nan,nan
9.172264939636410874e-01,nan,5.785375328063964844e+03,nan,1.639527641296386719e+03,nan,1.425350708007812500e+03,0.000000000000000000e+00,0.000000000000000000e+00,nan,nan
9.224487593288557274e-01,nan,5.803473747253417969e+03,nan,2.269948005676269531e+03,nan,1.390231567382812500e+03,0.000000000000000000e+00,0.000000000000000000e+00,nan,nan
9.273266509295098325e-01,nan,5.841228885650634766e+03,nan,1.639596836566925049e+03,nan,1.459029052734375000e+03,0.000000000000000000e+00,0.000000000000000000e+00,nan,nan
9.322944648623016084e-01,nan,5.830619052886962891e+03,nan,1.751529753208160400e+03,nan,1.454628662109375000e+03,0.000000000000000000e+00,0.000000000000000000e+00,nan,nan
9.374055248218832181e-01,nan,5.840594070434570312e+03,nan,1.619471830368041992e+03,nan,1.463199218750000000e+03,0.000000000000000000e+00,0.000000000000000000e+00,nan,nan
9.424297411348860898e-01,nan,5.877349269866943359e+03,nan,1.599969511032104492e+03,nan,1.465278076171875000e+03,0.000000000000000000e+00,0.000000000000000000e+00,nan,nan
9.473254530332307910e-01,nan,5.894173385620117188e+03,nan,1.610440014123916626e+03,nan,1.471080810546875000e+03,0.000000000000000000e+00,0.000000000000000000e+00,nan,nan
9.523674294386814676e-01,nan,5.888933689117431641e+03,nan,1.681884786844253540e+03,nan,1.474340209960937500e+03,0.000000000000000000e+00,0.000000000000000000e+00,nan,nan
9.574401077600218635e-01,nan,5.897864646911621094e+03,nan,1.633779256105422974e+03,nan,1.467416748046875000e+03,0.000000000000000000e+00,0.000000000000000000e+00,nan,nan
9.623214823096890580e-01,nan,5.914051315307617188e+03,nan,1.615353968620300293e+03,nan,1.480452392578125000e+03,0.000000000000000000e+00,0.000000000000000000e+00,nan,nan
9.672257147597828064e-01,nan,5.897470954895019531e+03,nan,1.611142159700393677e+03,nan,1.476560791015625000e+03,0.000000000000000000e+00,0.000000000000000000e+00,nan,nan
9.719550237865079989e-01,nan,5.989627773284912109e+03,nan,1.966284911155700684e+03,nan,1.401093261718750000e+03,0.000000000000000000e+00,0.000000000000000000e+00,nan,nan
9.768221211666107129e-01,nan,5.987902999877929688e+03,nan,1.636664673805236816e+03,nan,1.473045898437500000e+03,0.000000000000000000e+00,0.000000000000000000e+00,nan,nan
9.818992636799993567e-01,nan,5.964213657379150391e+03,nan,2.048747404098510742e+03,nan,1.416742675781250000e+03,0.000000000000000000e+00,0.000000000000000000e+00,nan,nan
9.869291937163335859e-01,nan,5.977838203430175781e+03,nan,1.614033496856689453e+03,nan,1.483410034179687500e+03,0.000000000000000000e+00,0.000000000000000000e+00,nan,nan
9.919802277879977703e-01,nan,5.984122356414794922e+03,nan,1.624770651340484619e+03,nan,1.487887084960937500e+03,0.000000000000000000e+00,0.000000000000000000e+00,nan,nan
9.969073987392954583e-01,nan,6.002279136657714844e+03,nan,1.730905760049819946e+03,nan,1.485836425781250000e+03,0.000000000000000000e+00,0.000000000000000000e+00,nan,nan
1.001934731762209818e+00,nan,6.034848197937011719e+03,nan,1.799303446769714355e+03,nan,1.492175292968750000e+03,0.000000000000000000e+00,0.000000000000000000e+00,nan,nan
1.006968007858760839e+00,nan,6.035046508789062500e+03,nan,1.640343531847000122e+03,nan,1.501147705078125000e+03,0.000000000000000000e+00,0.000000000000000000e+00,nan,nan
1.012280957069211729e+00,nan,6.019753967285156250e+03,nan,1.792281527042388916e+03,nan,1.501940185546875000e+03,0.000000000000000000e+00,0.000000000000000000e+00,nan,nan
1.017297217646895513e+00,nan,6.034025741577148438e+03,nan,1.684102102518081665e+03,nan,1.501902954101562500e+03,0.000000000000000000e+00,0.000000000000000000e+00,nan,nan
1.022276567791299717e+00,nan,6.051975353240966797e+03,nan,1.689801593065261841e+03,nan,1.501986572265625000e+03,0.000000000000000000e+00,0.000000000000000000e+00,nan,nan
1.027202589352736783e+00,nan,6.035157752990722656e+03,nan,1.691555955886840820e+03,nan,1.512198486328125000e+03,0.000000000000000000e+00,0.000000000000000000e+00,nan,nan
1.032268206421806722e+00,nan,6.044774063110351562e+03,nan,1.636236894845962524e+03,nan,1.520034912109375000e+03,0.000000000000000000e+00,0.000000000000000000e+00,nan,nan
1.037525970607927395e+00,nan,6.047277515411376953e+03,nan,1.642726118803024292e+03,nan,1.525056396484375000e+03,0.000000000000000000e+00,0.000000000000000000e+00,nan,nan
1.042860110457622280e+00,nan,6.048771373748779297e+03,nan,1.646813815832138062e+03,nan,1.525751953125000000e+03,0.000000000000000000e+00,0.000000000000000000e+00,nan,nan
1.048159256529478833e+00,nan,6.061606620788574219e+03,nan,2.277771667003631592e+03,nan,1.476176513671875000e+03,0.000000000000000000e+00,0.000000000000000000e+00,nan,nan
1.053207834369452423e+00,nan,6.079534957885742188e+03,nan,1.951168159961700439e+03,nan,1.482553222656250000e+03,0.000000000000000000e+00,0.000000000000000000e+00,nan,nan
1.058086439916251509e+00,nan,6.064034942626953125e+03,nan,1.682304949760437012e+03,nan,1.542978637695312500e+03,0.000000000000000000e+00,0.000000000000000000e+00,nan,nan
1.063231876529937781e+00,nan,6.065168777465820312e+03,nan,2.044347928047180176e+03,nan,1.503910400390625000e+03,0.000000000000000000e+00,0.000000000000000000e+00,nan,nan
1.068336563805538431e+00,nan,6.070669692993164062e+03,nan,1.718477933168411255e+03,nan,1.512153930664062500e+03,0.000000000000000000e+00,0.000000000000000000e+00,nan,nan
1.073358930639185971e+00,nan,6.064124485015869141e+03,nan,1.681089131832122803e+03,nan,1.525230224609375000e+03,0.000000000000000000e+00,0.000000000000000000e+00,nan,nan
1.078394908268121677e+00,nan,6.070514209747314453e+03,nan,1.646267336130142212e+03,nan,1.528009521484375000e+03,0.000000000000000000e+00,0.000000000000000000e+00,nan,nan
1.083569298680568727e+00,nan,6.074843696594238281e+03,nan,1.686559702157974243e+03,nan,1.521607666015625000e+03,0.000000000000000000e+00,0.000000000000000000e+00,nan,nan
1.088614882630549063e+00,nan,6.077671253204345703e+03,nan,3.032667458534240723e+03,nan,1.343321166992187500e+03,0.000000000000000000e+00,0.000000000000000000e+00,nan,nan
1.093579883429339317e+00,nan,6.087530006408691406e+03,nan,1.648908586025238037e+03,nan,1.526602905273437500e+03,0.000000000000000000e+00,0.000000000000000000e+00,nan,nan
1.098684910406709347e+00,nan,6.089423442840576172e+03,nan,1.675592851400375366e+03,nan,1.515378417968750000e+03,0.000000000000000000e+00,0.000000000000000000e+00,nan,nan
1.103743638947427774e+00,nan,6.119751815795898438e+03,nan,1.635654464244842529e+03,nan,1.515071289062500000e+03,0.000000000000000000e+00,0.000000000000000000e+00,nan,nan
1.107999973935803961e+00,nan,6.103940536499023438e+03,nan,1.646339366436004639e+03,nan,1.520870605468750000e+03,0.000000000000000000e+00,0.000000000000000000e+00,nan,nan
1.113093559712731606e+00,nan,6.522781776428222656e+03,nan,1.649981417655944824e+03,nan,1.537066284179687500e+03,0.000000000000000000e+00,0.000000000000000000e+00,nan,nan
1.117441986420435684e+00,nan,6.666307319641113281e+03,nan,1.678953464746475220e+03,nan,1.564517456054687500e+03,0.000000000000000000e+00,0.000000000000000000e+00,nan,nan
1.121031597712581984e+00,nan,6.610221664428710938e+03,nan,1.682923228979110718e+03,nan,1.551863403320312500e+03,0.000000000000000000e+00,0.000000000000000000e+00,nan,nan
1.125861861041302703e+00,nan,6.842897148132324219e+03,nan,2.107387599945068359e+03,nan,1.513178222656250000e+03,0.000000000000000000e+00,0.000000000000000000e+00,nan,nan
1.130734923846035578e+00,nan,6.821089042663574219e+03,nan,1.659176415920257568e+03,nan,1.532549804687500000e+03,0.000000000000000000e+00,0.000000000000000000e+00,nan,nan
1.135951517452576054e+00,nan,6.805708618164062500e+03,nan,1.813219258785247803e+03,nan,1.505281860351562500e+03,0.000000000000000000e+00,0.000000000000000000e+00,nan,nan
1.140914456215901041e+00,nan,6.848878562927246094e+03,nan,1.600537997245788574e+03,nan,1.495886596679687500e+03,0.000000000000000000e+00,0.000000000000000000e+00,nan,nan
1.145819348812571192e+00,nan,6.867718162536621094e+03,nan,1.613468991756439209e+03,nan,1.479404907226562500e+03,0.000000000000000000e+00,0.000000000000000000e+00,nan,nan
1.150876303339356310e+00,nan,6.844921035766601562e+03,nan,1.589609487056732178e+03,nan,1.460980468750000000e+03,0.000000000000000000e+00,0.000000000000000000e+00,nan,nan
1.156010134768336473e+00,nan,6.862910377502441406e+03,nan,1.577105319976806641e+03,nan,1.442611083984375000e+03,0.000000000000000000e+00,0.000000000000000000e+00,nan,nan
1.161116981305925000e+00,nan,6.845296012878417969e+03,nan,1.541384076595306396e+03,nan,1.439711425781250000e+03,0.000000000000000000e+00,0.000000000000000000e+00,nan,nan
1.166428118644754930e+00,nan,6.837960525512695312e+03,nan,1.627585866689682007e+03,nan,1.408648681640625000e+03,0.000000000000000000e+00,0.000000000000000000e+00,nan,nan
1.171517571719975503e+00,nan,6.856984428405761719e+03,nan,1.583764361858367920e+03,nan,1.397729125976562500e+03,0.000000000000000000e+00,0.000000000000000000e+00,nan,nan
1.176512706679867071e+00,nan,6.847322662353515625e+03,nan,1.539663677453994751e+03,nan,1.398936279296875000e+03,0.000000000000000000e+00,0.000000000000000000e+00,nan,nan
1.181763570397703855e+00,nan,6.855394729614257812e+03,nan,1.685197103500366211e+03,nan,1.337781250000000000e+03,0.000000000000000000e+00,0.000000000000000000e+00,nan,nan
1.186671235292930726e+00,nan,6.833366249084472656e+03,nan,1.487140084981918335e+03,nan,1.374471069335937500e+03,0.000000000000000000e+00,0.000000000000000000e+00,nan,nan
1.191747774108947944e+00,nan,6.830594268798828125e+03,nan,1.458430456638336182e+03,nan,1.365848876953125000e+03,0.000000000000000000e+00,0.000000000000000000e+00,nan,nan
1.196684350636748828e+00,nan,6.818818542480468750e+03,nan,1.450385901451110840e+03,nan,1.354733642578125000e+03,0.000000000000000000e+00,0.000000000000000000e+00,nan,nan
1.201731735634685050e+00,nan,6.824882110595703125e+03,nan,1.502886745214462280e+03,nan,1.322605468750000000e+03,0.000000000000000000e+00,0.000000000000000000e+00,nan,nan
1.206945925419430576e+00,nan,6.821261886596679688e+03,nan,1.422666168451309204e+03,nan,1.326523315429687500e+03,0.000000000000000000e+00,0.000000000000000000e+00,nan,nan
1.212076560200980868e+00,nan,6.822064880371093750e+03,nan,1.409020531535148621e+03,nan,1.328301025390625000e+03,0.000000000000000000e+00,0.000000000000000000e+00,nan,nan
1.217435039427896992e+00,nan,6.835051765441894531e+03,nan,3.095125143051147461e+03,nan,1.146389404296875000e+03,0.000000000000000000e+00,0.000000000000000000e+00,nan,nan
1.222321587203142323e+00,nan,6.845661567687988281e+03,nan,1.442125241994857788e+03,nan,1.294024414062500000e+03,0.000000000000000000e+00,0.000000000000000000e+00,nan,nan
1.227330218978917475e+00,nan,6.839338851928710938e+03,nan,1.391620429277420044e+03,nan,1.316193115234375000e+03,0.000000000000000000e+00,0.000000000000000000e+00,nan,nan
1.232538066041661606e+00,nan,6.836535446166992188e+03,nan,1.648018937110900879e+03,nan,1.302606933593750000e+03,0.000000000000000000e+00,0.000000000000000000e+00,nan,nan
1.237643523777251620e+00,nan,6.864562561035156250e+03,nan,1.391328694820404053e+03,nan,1.305204467773437500e+03,0.000000000000000000e+00,0.000000000000000000e+00,nan,nan
1.242798178533042641e+00,nan,6.871932785034179688e+03,nan,1.381815604090690613e+03,nan,1.313759765625000000e+03,0.000000000000000000e+00,0.000000000000000000e+00,nan,nan
1.248038140227015758e+00,nan,6.859908020019531250e+03,nan,1.535003653764724731e+03,nan,1.278608032226562500e+03,0.000000000000000000e+00,0.000000000000000000e+00,nan,nan
1.253091855810278377e+00,nan,6.864537727355957031e+03,nan,1.527171638488769531e+03,nan,1.291794189453125000e+03,0.000000000000000000e+00,0.000000000000000000e+00,nan,nan
1.258222265378984073e+00,nan,6.883323059082031250e+03,nan,1.384562734246253967e+03,nan,1.314376953125000000e+03,0.000000000000000000e+00,0.000000000000000000e+00,nan,nan
1.263304619358987413e+00,nan,6.888329666137695312e+03,nan,1.389923571348190308e+03,nan,1.317057373046875000e+03,0.000000000000000000e+00,0.000000000000000000e+00,nan,nan
1.268441236788638626e+00,nan,6.881618156433105469e+03,nan,1.468840961694717407e+03,nan,1.305152832031250000e+03,0.000000000000000000e+00,0.000000000000000000e+00,nan,nan
1.273460102158904927e+00,nan,6.910463836669921875e+03,nan,1.395023611307144165e+03,nan,1.312226440429687500e+03,0.000000000000000000e+00,0.000000000000000000e+00,nan,nan
1.278702692274461983e+00,nan,6.900780921936035156e+03,nan,1.387466139078140259e+03,nan,1.304525024414062500e+03,0.000000000000000000e+00,0.000000000000000000e+00,nan,nan
1.283892720628492912e+00,nan,6.895532859802246094e+03,nan,1.407605895757675171e+03,nan,1.317454345703125000e+03,0.000000000000000000e+00,0.000000000000000000e+00,nan,nan
1.288965920345613858e+00,nan,6.892941841125488281e+03,nan,1.383905661463737488e+03,nan,1.318565673828125000e+03,0.000000000000000000e+00,0.000000000000000000e+00,nan,nan
1.293970956870287958e+00,nan,6.885982795715332031e+03,nan,1.477847336769104004e+03,nan,1.320098876953125000e+03,0.000000000000000000e+00,0.000000000000000000e+00,nan,nan
1.299089955521765205e+00,nan,6.881048507690429688e+03,nan,1.418843266010284424e+03,nan,1.306883789062500000e+03,0.000000000000000000e+00,0.000000000000000000e+00,nan,nan
1.304113183029038892e+00,nan,6.877228668212890625e+03,nan,1.388923528790473938e+03,nan,1.319031982421875000e+03,0.000000000000000000e+00,0.000000000000000000e+00,nan,nan
1.309051413160812860e+00,nan,6.883929847717285156e+03,nan,1.399636619806289673e+03,nan,1.328908935546875000e+03,0.000000000000000000e+00,0.000000000000000000e+00,nan,nan
1.314089324357753830e+00,nan,6.887851737976074219e+03,nan,1.382271519660949707e+03,nan,1.319669433593750000e+03,0.000000000000000000e+00,0.000000000000000000e+00,nan,nan
1.319291532137077949e+00,nan,6.905950813293457031e+03,nan,1.394163843631744385e+03,nan,1.319155273437500000e+03,0.000000000000000000e+00,0.000000000000000000e+00,nan,nan
1.324368712997026520e+00,nan,6.903633293151855469e+03,nan,1.412945596218109131e+03,nan,1.323299804687500000e+03,0.000000000000000000e+00,0.000000000000000000e+00,nan,nan
1.329391082527500156e+00,nan,6.905772506713867188e+03,nan,1.393562722206115723e+03,nan,1.321256347656250000e+03,0.000000000000000000e+00,0.000000000000000000e+00,nan,nan
1.334428713907303665e+00,nan,6.910343254089355469e+03,nan,1.445095373392105103e+03,nan,1.323106689453125000e+03,0.000000000000000000e+00,0.000000000000000000e+00,nan,nan
1.339460005672029608e+00,nan,6.922763946533203125e+03,nan,1.409778508186340332e+03,nan,1.326617187500000000e+03,0.000000000000000000e+00,0.000000000000000000e+00,nan,nan
1.344443976466568547e+00,nan,6.916111160278320312e+03,nan,1.406502043008804321e+03,nan,1.322671630859375000e+03,0.000000000000000000e+00,0.000000000000000000e+00,nan,nan
1.349491740515168736e+00,nan,6.911461975097656250e+03,nan,1.399554528236389160e+03,nan,1.318905029296875000e+03,0.000000000000000000e+00,0.000000000000000000e+00,nan,nan
1.354569316684598235e+00,nan,6.923070533752441406e+03,nan,1.487421810388565063e+03,nan,1.320182250976562500e+03,0.000000000000000000e+00,0.000000000000000000e+00,nan,nan
1.359832153022407786e+00,nan,6.921657905578613281e+03,nan,1.452387661218643188e+03,nan,1.323987060546875000e+03,0.000000000000000000e+00,0.000000000000000000e+00,nan,nan
1.365077723587872383e+00,nan,6.925318328857421875e+03,nan,1.416834146499633789e+03,nan,1.318309814453125000e+03,0.000000000000000000e+00,0.000000000000000000e+00,nan,nan
1.370222058591977543e+00,nan,6.935515151977539062e+03,nan,1.388374851226806641e+03,nan,1.326632202148437500e+03,0.000000000000000000e+00,0.000000000000000000e+00,nan,nan
1.375183707082812123e+00,nan,6.926837028503417969e+03,nan,1.527818030118942261e+03,nan,1.316748657226562500e+03,0.000000000000000000e+00,0.000000000000000000e+00,nan,nan
1.379938336319790793e+00,nan,6.989681289672851562e+03,nan,1.396781895875930786e+03,nan,1.328862304687500000e+03,0.000000000000000000e+00,0.000000000000000000e+00,nan,nan
1.384862614659501556e+00,nan,6.968773666381835938e+03,nan,1.411022996902465820e+03,nan,1.342469970703125000e+03,0.000000000000000000e+00,0.000000000000000000e+00,nan,nan
1.390108003875609288e+00,nan,6.968952911376953125e+03,nan,1.543598814487457275e+03,nan,1.326238037109375000e+03,0.000000000000000000e+00,0.000000000000000000e+00,nan,nan
1.395008558931060128e+00,nan,6.969539360046386719e+03,nan,1.421398157835006714e+03,nan,1.350665039062500000e+03,0.000000000000000000e+00,0.000000000000000000e+00,nan,nan
1.400187125294170221e+00,nan,6.956049461364746094e+03,nan,1.423319211006164551e+03,nan,1.345277587890625000e+03,0.000000000000000000e+00,0.000000000000000000e+00,nan,nan
1.405366426032633287e+00,nan,6.970913124084472656e+03,nan,1.537428274393081665e+03,nan,1.342809936523437500e+03,0.000000000000000000e+00,0.000000000000000000e+00,nan,nan
1.410512145580599563e+00,nan,6.967108253479003906e+03,nan,1.427895324945449829e+03,nan,1.351031250000000000e+03,0.000000000000000000e+00,0.000000000000000000e+00,nan,nan
1.415583295394622132e+00,nan,6.987034202575683594e+03,nan,1.627420064449310303e+03,nan,1.337422363281250000e+03,0.000000000000000000e+00,0.000000000000000000e+00,nan,nan
1.420678250001978782e+00,nan,6.995044151306152344e+03,nan,1.484602471113204956e+03,nan,1.344487060546875000e+03,0.000000000000000000e+00,0.000000000000000000e+00,nan,nan
1.425605300921662266e+00,nan,7.019836013793945312e+03,nan,1.492460586071014404e+03,nan,1.335231567382812500e+03,0.000000000000000000e+00,0.000000000000000000e+00,nan,nan
1.430522626645713391e+00,nan,7.004961662292480469e+03,nan,1.454533316135406494e+03,nan,1.346992675781250000e+03,0.000000000000000000e+00,0.000000000000000000e+00,nan,nan
1.435603290251096009e+00,nan,6.999745079040527344e+03,nan,1.517592951774597168e+03,nan,1.308370361328125000e+03,0.000000000000000000e+00,0.000000000000000000e+00,nan,nan
1.440418063012004479e+00,nan,6.999269783020019531e+03,nan,1.428563854575157166e+03,nan,1.344166015625000000e+03,0.000000000000000000e+00,0.000000000000000000e+00,nan,nan
1.445575400251002174e+00,nan,7.016948768615722656e+03,nan,1.423904009580612183e+03,nan,1.331814941406250000e+03,0.000000000000000000e+00,0.000000000000000000e+00,nan,nan
1.450774230116181895e+00,nan,7.055459625244140625e+03,nan,1.446274357080459595e+03,nan,1.323805419921875000e+03,0.000000000000000000e+00,0.000000000000000000e+00,nan,nan
1.455801868507051955e+00,nan,7.035572837829589844e+03,nan,1.448225746154785156e+03,nan,1.326962646484375000e+03,0.000000000000000000e+00,0.000000000000000000e+00,nan,nan
1.460815752328649797e+00,nan,7.056581329345703125e+03,nan,1.411775175571441650e+03,nan,1.333771606445312500e+03,0.000000000000000000e+00,0.000000000000000000e+00,nan,nan
1.465781284726207501e+00,nan,7.036524971008300781e+03,nan,1.420262877464294434e+03,nan,1.327477294921875000e+03,0.000000000000000000e+00,0.000000000000000000e+00,nan,nan
1.470952850204332307e+00,nan,7.049255157470703125e+03,nan,1.389751532554626465e+03,nan,1.325356933593750000e+03,0.000000000000000000e+00,0.000000000000000000e+00,nan,nan
1.476143686609073136e+00,nan,7.046183898925781250e+03,nan,1.405482313394546509e+03,nan,1.321397949218750000e+03,0.000000000000000000e+00,0.000000000000000000e+00,nan,nan
1.481328218531992702e+00,nan,7.037569168090820312e+03,nan,1.385025495767593384e+03,nan,1.320581542968750000e+03,0.000000000000000000e+00,0.000000000000000000e+00,nan,nan
1.486454915392874776e+00,nan,7.036726089477539062e+03,nan,1.381275872468948364e+03,nan,1.320515136718750000e+03,0.000000000000000000e+00,0.000000000000000000e+00,nan,nan
1.491580213034626290e+00,nan,7.044654541015625000e+03,nan,1.472242106437683105e+03,nan,1.304405273437500000e+03,0.000000000000000000e+00,0.000000000000000000e+00,nan,nan
1.496699695898713545e+00,nan,7.062519920349121094e+03,nan,1.380657877922058105e+03,nan,1.312008789062500000e+03,0.000000000000000000e+00,0.000000000000000000e+00,nan,nan
1.501587858917051488e+00,nan,7.047215370178222656e+03,nan,1.368269092082977295e+03,nan,1.302185302734375000e+03,0.000000000000000000e+00,0.000000000000000000e+00,nan,nan
1.506474352167727959e+00,nan,7.095717506408691406e+03,nan,1.368523808002471924e+03,nan,1.301449340820312500e+03,0.000000000000000000e+00,0.000000000000000000e+00,nan,nan
1.511636093861743690e+00,nan,7.106581443786621094e+03,nan,1.392987221956253052e+03,nan,1.319790039062500000e+03,0.000000000000000000e+00,0.000000000000000000e+00,nan,nan
1.516642300883486394e+00,nan,7.089456535339355469e+03,nan,1.451896288156509399e+03,nan,1.294007324218750000e+03,0.000000000000000000e+00,0.000000000000000000e+00,nan,nan
1.521590814677907799e+00,nan,7.110193984985351562e+03,nan,1.382676643610000610e+03,nan,1.299174560546875000e+03,0.000000000000000000e+00,0.000000000000000000e+00,nan,nan
1.526859187836714815e+00,nan,7.112305801391601562e+03,nan,1.401865628480911255e+03,nan,1.300287597656250000e+03,0.000000000000000000e+00,0.000000000000000000e+00,nan,nan
1.531893458993526469e+00,nan,7.124149429321289062e+03,nan,1.560170704841613770e+03,nan,1.275610717773437500e+03,0.000000000000000000e+00,0.000000000000000000e+00,nan,nan
1.537015656336644387e+00,nan,7.144688873291015625e+03,nan,1.458945940732955933e+03,nan,1.308174194335937500e+03,0.000000000000000000e+00,0.000000000000000000e+00,nan,nan
1.541910409810308913e+00,nan,7.131547805786132812e+03,nan,1.632666824340820312e+03,nan,1.294520996093750000e+03,0.000000000000000000e+00,0.000000000000000000e+00,nan,nan
1.546839808287388429e+00,nan,7.174133056640625000e+03,nan,1.617341474056243896e+03,nan,1.260899291992187500e+03,0.000000000000000000e+00,0.000000000000000000e+00,nan,nan
1.551756085086745562e+00,nan,7.164901535034179688e+03,nan,1.380586211681365967e+03,nan,1.307673828125000000e+03,0.000000000000000000e+00,0.000000000000000000e+00,nan,nan
1.556961517638858261e+00,nan,7.177869148254394531e+03,nan,1.696234111547470093e+03,nan,1.226457885742187500e+03,0.000000000000000000e+00,0.000000000000000000e+00,nan,nan
1.561946741496886393e+00,nan,7.177337348937988281e+03,nan,1.367067605018615723e+03,nan,1.311177490234375000e+03,0.000000000000000000e+00,0.000000000000000000e+00,nan,nan
1.566943514885581701e+00,nan,7.180440711975097656e+03,nan,1.369780964374542236e+03,nan,1.297908081054687500e+03,0.000000000000000000e+00,0.000000000000000000e+00,nan,nan
1.571910511854698766e+00,nan,7.174157470703125000e+03,nan,1.368931468367576599e+03,nan,1.301553710937500000e+03,0.000000000000000000e+00,0.000000000000000000e+00,nan,nan
1.577015355914146655e+00,nan,7.191406044006347656e+03,nan,1.365443448662757874e+03,nan,1.306101074218750000e+03,0.000000000000000000e+00,0.000000000000000000e+00,nan,nan
1.582198183212813580e+00,nan,7.191525459289550781e+03,nan,1.650490400314331055e+03,nan,1.297681640625000000e+03,0.000000000000000000e+00,0.000000000000000000e+00,nan,nan
1.587458055246891986e+00,nan,7.197500183105468750e+03,nan,1.580312264442443848e+03,nan,1.269802368164062500e+03,0.000000000000000000e+00,0.000000000000000000e+00,nan,nan
1.592505740809676995e+00,nan,7.201590606689453125e+03,nan,1.382602114677429199e+03,nan,1.317757202148437500e+03,0.000000000000000000e+00,0.000000000000000000e+00,nan,nan
1.597725824858805987e+00,nan,7.194978858947753906e+03,nan,1.380015415072441101e+03,nan,1.313158691406250000e+03,0.000000000000000000e+00,0.000000000000000000e+00,nan,nan
1.602798062528545397e+00,nan,7.225345176696777344e+03,nan,1.416551708459854126e+03,nan,1.307152587890625000e+03,0.000000000000000000e+00,0.000000000000000000e+00,nan,nan
1.607791868120227008e+00,nan,7.204855407714843750e+03,nan,1.390050337195396423e+03,nan,1.310662841796875000e+03,0.000000000000000000e+00,0.000000000000000000e+00,nan,nan
1.612747570627225624e+00,nan,7.211815391540527344e+03,nan,1.526799768686294556e+03,nan,1.309268432617187500e+03,0.000000000000000000e+00,0.000000000000000000e+00,nan,nan
1.617897572138600415e+00,nan,7.240666862487792969e+03,nan,1.424130561113357544e+03,nan,1.300746093750000000e+03,0.000000000000000000e+00,0.000000000000000000e+00,nan,nan
1.622934294697810698e+00,nan,7.233020919799804688e+03,nan,1.431250683307647705e+03,nan,1.308488769531250000e+03,0.000000000000000000e+00,0.000000000000000000e+00,nan,nan
1.628052552133997466e+00,nan,7.240417388916015625e+03,nan,1.399640108823776245e+03,nan,1.322342041015625000e+03,0.000000000000000000e+00,0.000000000000000000e+00,nan,nan
1.632936126528108156e+00,nan,7.270348686218261719e+03,nan,1.390051065683364868e+03,nan,1.333899047851562500e+03,0.000000000000000000e+00,0.000000000000000000e+00,nan,nan
1.637752458840468162e+00,nan,7.477304428100585938e+03,nan,1.241546014404296875e+04,nan,1.155660888671875000e+03,0.000000000000000000e+00,0.000000000000000000e+00,nan,nan
1.642388019521526799e+00,nan,9.554562904357910156e+03,nan,1.745044538879394531e+04,nan,8.876614990234375000e+02,0.000000000000000000e+00,0.000000000000000000e+00,nan,nan
1.646895855109750784e+00,nan,1.014615398406982422e+04,nan,1.746996769428253174e+03,nan,1.515323486328125000e+03,0.000000000000000000e+00,0.000000000000000000e+00,nan,nan
1.651741581323218799e+00,nan,1.008697141265869141e+04,nan,1.610827360630035400e+03,nan,1.523664550781250000e+03,0.000000000000000000e+00,0.000000000000000000e+00,nan,nan
1.656548151643663980e+00,nan,1.088273748779296875e+04,nan,8.014216438293457031e+03,nan,1.301090454101562500e+03,0.000000000000000000e+00,0.000000000000000000e+00,nan,nan
1.661295015326682112e+00,nan,1.206034020996093750e+04,nan,1.584050178289413452e+03,nan,1.446599243164062500e+03,0.000000000000000000e+00,0.000000000000000000e+00,nan,nan
1.665636572977569285e+00,nan,1.197891225433349609e+04,nan,1.517762495279312134e+03,nan,1.396184326171875000e+03,0.000000000000000000e+00,0.000000000000000000e+00,nan,nan
1.670869314648674608e+00,nan,1.309399902343750000e+04,nan,9.974592712402343750e+03,nan,9.226605224609375000e+02,0.000000000000000000e+00,0.000000000000000000e+00,nan,nan
1.675580553420209284e+00,nan,1.326471028137207031e+04,nan,1.375791303634643555e+03,nan,1.273701660156250000e+03,0.000000000000000000e+00,0.000000000000000000e+00,nan,nan
1.680583856823219202e+00,nan,1.319844851684570312e+04,nan,1.279379994392395020e+03,nan,1.184178344726562500e+03,0.000000000000000000e+00,0.000000000000000000e+00,nan,nan
1.685746465528801474e+00,nan,1.314454008483886719e+04,nan,1.300534673690795898e+03,nan,1.102871582031250000e+03,0.000000000000000000e+00,0.000000000000000000e+00,nan,nan
1.690733189982199125e+00,nan,1.312181715393066406e+04,nan,1.246111110210418701e+03,nan,1.026496582031250000e+03,0.000000000000000000e+00,0.000000000000000000e+00,nan,nan
1.695874527037015467e+00,nan,1.307335598754882812e+04,nan,1.086268290996551514e+03,nan,9.568978881835937500e+02,0.000000000000000000e+00,0.000000000000000000e+00,nan,nan
1.701025978866572030e+00,nan,1.302772378540039062e+04,nan,1.013089405536651611e+03,nan,9.091369628906250000e+02,0.000000000000000000e+00,0.000000000000000000e+00,nan,nan
1.706162626752062872e+00,nan,1.301766784667968750e+04,nan,1.019917365312576294e+03,nan,8.532717285156250000e+02,0.000000000000000000e+00,0.000000000000000000e+00,nan,nan
1.711299320043363714e+00,nan,1.297686621093750000e+04,nan,9.912612526416778564e+02,nan,8.384288330078125000e+02,0.000000000000000000e+00,0.000000000000000000e+00,nan,nan
1.716520452089143722e+00,nan,1.296963269042968750e+04,nan,1.019292540311813354e+03,nan,7.754782714843750000e+02,0.000000000000000000e+00,0.000000000000000000e+00,nan,nan
1.721503611565875502e+00,nan,1.295450955200195312e+04,nan,8.404516614675521851e+02,nan,7.696201171875000000e+02,0.000000000000000000e+00,0.000000000000000000e+00,nan,nan
1.726600519690563829e+00,nan,1.295313746643066406e+04,nan,1.057830609798431396e+03,nan,7.008466796875000000e+02,0.000000000000000000e+00,0.000000000000000000e+00,nan,nan
1.731747984563091425e+00,nan,1.294898312377929688e+04,nan,7.733216725587844849e+02,nan,7.059980468750000000e+02,0.000000000000000000e+00,0.000000000000000000e+00,nan,nan
1.736884907455186866e+00,nan,1.291053274536132812e+04,nan,8.754174072742462158e+02,nan,6.748929443359375000e+02,0.000000000000000000e+00,0.000000000000000000e+00,nan,nan
1.741784834314936026e+00,nan,1.293282055664062500e+04,nan,7.348682520389556885e+02,nan,6.511068725585937500e+02,0.000000000000000000e+00,0.000000000000000000e+00,nan,nan
1.746816072497854533e+00,nan,1.288627113342285156e+04,nan,7.484961712360382080e+02,nan,6.431171264648437500e+02,0.000000000000000000e+00,0.000000000000000000e+00,nan,nan
1.751907437122483202e+00,nan,1.289413470458984375e+04,nan,6.674309606552124023e+02,nan,6.252708740234375000e+02,0.000000000000000000e+00,0.000000000000000000e+00,nan,nan
1.756766723120482432e+00,nan,1.287503918457031250e+04,nan,6.601976161003112793e+02,nan,6.266369628906250000e+02,0.000000000000000000e+00,0.000000000000000000e+00,nan,nan
1.761841379576315481e+00,nan,1.286330364990234375e+04,nan,6.641965066194534302e+02,nan,6.076395263671875000e+02,0.000000000000000000e+00,0.000000000000000000e+00,nan,nan
1.766904051680797227e+00,nan,1.284918424987792969e+04,nan,6.616128661632537842e+02,nan,5.987491455078125000e+02,0.000000000000000000e+00,0.000000000000000000e+00,nan,nan
1.772124086902188589e+00,nan,1.284114616394042969e+04,nan,6.113251472711563110e+02,nan,5.867525024414062500e+02,0.000000000000000000e+00,0.000000000000000000e+00,nan,nan
1.777269369651572006e+00,nan,1.283728044128417969e+04,nan,6.631517984867095947e+02,nan,5.635720214843750000e+02,0.000000000000000000e+00,0.000000000000000000e+00,nan,nan
1.782537001296607082e+00,nan,1.281905831909179688e+04,nan,6.112471833229064941e+02,nan,5.696550292968750000e+02,0.000000000000000000e+00,0.000000000000000000e+00,nan,nan
1.787585402227607423e+00,nan,1.282878051757812500e+04,nan,5.784188024997711182e+02,nan,5.684968261718750000e+02,0.000000000000000000e+00,0.000000000000000000e+00,nan,nan
1.792675975696734314e+00,nan,1.281160949707031250e+04,nan,5.705244107842445374e+02,nan,5.555290527343750000e+02,0.000000000000000000e+00,0.000000000000000000e+00,nan,nan
1.797947254161335273e+00,nan,1.280280265808105469e+04,nan,5.675586584806442261e+02,nan,5.508565673828125000e+02,0.000000000000000000e+00,0.000000000000000000e+00,nan,nan
1.802964672448054584e+00,nan,1.279093388366699219e+04,nan,6.804220936298370361e+02,nan,5.057220153808593750e+02,0.000000000000000000e+00,0.000000000000000000e+00,nan,nan
1.808044289849341624e+00,nan,1.280340327453613281e+04,nan,6.191031457185745239e+02,nan,5.333166503906250000e+02,0.000000000000000000e+00,0.000000000000000000e+00,nan,nan
1.813153257890154579e+00,nan,1.278898179626464844e+04,nan,6.526412810087203979e+02,nan,5.245934448242187500e+02,0.000000000000000000e+00,0.000000000000000000e+00,nan,nan
1.818179454761812641e+00,nan,1.278765977478027344e+04,nan,5.214249718785285950e+02,nan,5.227220458984375000e+02,0.000000000000000000e+00,0.000000000000000000e+00,nan,nan
1.823427811195404535e+00,nan,1.278181347656250000e+04,nan,6.746069852113723755e+02,nan,4.869830017089843750e+02,0.000000000000000000e+00,0.000000000000000000e+00,nan,nan
1.828671800430182293e+00,nan,1.280258332824707031e+04,nan,5.090634537935256958e+02,nan,5.110661926269531250e+02,0.000000000000000000e+00,0.000000000000000000e+00,nan,nan
1.833821261162449145e+00,nan,1.278928608703613281e+04,nan,5.308083512783050537e+02,nan,5.060359497070312500e+02,0.000000000000000000e+00,0.000000000000000000e+00,nan,nan
1.838914580893285633e+00,nan,1.279223178100585938e+04,nan,5.819104540348052979e+02,nan,4.914977416992187500e+02,0.000000000000000000e+00,0.000000000000000000e+00,nan,nan
1.843941950613050995e+00,nan,1.279571313476562500e+04,nan,5.341850460767745972e+02,nan,4.923339538574218750e+02,0.000000000000000000e+00,0.000000000000000000e+00,nan,nan
1.849018544414071652e+00,nan,1.282811541748046875e+04,nan,5.674700591564178467e+02,nan,4.815700073242187500e+02,0.000000000000000000e+00,0.000000000000000000e+00,nan,nan
1.853936330331490634e+00,nan,1.285834512329101562e+04,nan,4.793322006464004517e+02,nan,4.942820434570312500e+02,0.000000000000000000e+00,0.000000000000000000e+00,nan,nan
1.858996572905461386e+00,nan,1.283316679382324219e+04,nan,4.929542911648750305e+02,nan,4.861045227050781250e+02,0.000000000000000000e+00,0.000000000000000000e+00,nan,nan
1.864009976588838047e+00,nan,1.284824398803710938e+04,nan,4.827585939168930054e+02,nan,4.845784301757812500e+02,0.000000000000000000e+00,0.000000000000000000e+00,nan,nan
1.869041233621065778e+00,nan,1.283244847106933594e+04,nan,8.641589856147766113e+02,nan,4.483897094726562500e+02,0.000000000000000000e+00,0.000000000000000000e+00,nan,nan
1.873978266920791835e+00,nan,1.286424967956542969e+04,nan,4.893094590902328491e+02,nan,4.841445007324218750e+02,0.000000000000000000e+00,0.000000000000000000e+00,nan,nan
1.879058132419709537e+00,nan,1.285376962280273438e+04,nan,7.584069356918334961e+02,nan,4.711135864257812500e+02,0.000000000000000000e+00,0.000000000000000000e+00,nan,nan
1.884190590141635369e+00,nan,1.286520283508300781e+04,nan,4.880622469186782837e+02,nan,4.809177856445312500e+02,0.000000000000000000e+00,0.000000000000000000e+00,nan,nan
1.889286312939709500e+00,nan,1.285360447692871094e+04,nan,5.575276911258697510e+02,nan,4.679960327148437500e+02,0.000000000000000000e+00,0.000000000000000000e+00,nan,nan
1.894504675573066566e+00,nan,1.285344151306152344e+04,nan,6.041036226749420166e+02,nan,4.233701171875000000e+02,0.000000000000000000e+00,0.000000000000000000e+00,nan,nan
1.899414800349483734e+00,nan,1.288017630004882812e+04,nan,4.513154466152191162e+02,nan,4.676796875000000000e+02,0.000000000000000000e+00,0.000000000000000000e+00,nan,nan
1.904521805393940115e+00,nan,1.285650776672363281e+04,nan,4.368231193423271179e+02,nan,4.663839416503906250e+02,0.000000000000000000e+00,0.000000000000000000e+00,nan,nan
1.909825245766787916e+00,nan,1.284715991210937500e+04,nan,4.355982976555824280e+02,nan,4.512275390625000000e+02,0.000000000000000000e+00,0.000000000000000000e+00,nan,nan
1.915079625857962320e+00,nan,1.285886822509765625e+04,nan,7.026001772880554199e+02,nan,4.230768432617187500e+02,0.000000000000000000e+00,0.000000000000000000e+00,nan,nan
1.920140369057820262e+00,nan,1.285493321228027344e+04,nan,4.186907002329826355e+02,nan,4.513660888671875000e+02,0.000000000000000000e+00,0.000000000000000000e+00,nan,nan
1.925185887033844301e+00,nan,1.289548674011230469e+04,nan,4.289049941301345825e+02,nan,4.443394775390625000e+02,0.000000000000000000e+00,0.000000000000000000e+00,nan,nan
1.930280056937856870e+00,nan,1.290973402404785156e+04,nan,4.285336764454841614e+02,nan,4.467049255371093750e+02,0.000000000000000000e+00,0.000000000000000000e+00,nan,nan
1.935417596163540255e+00,nan,1.290121351623535156e+04,nan,4.252211243510246277e+02,nan,4.470954895019531250e+02,0.000000000000000000e+00,0.000000000000000000e+00,nan,nan
1.940523087826875770e+00,nan,1.291460028076171875e+04,nan,4.422982780933380127e+02,nan,4.430878601074218750e+02,0.000000000000000000e+00,0.000000000000000000e+00,nan,nan
1.945494803358327474e+00,nan,1.290083259582519531e+04,nan,4.171051945686340332e+02,nan,4.338978271484375000e+02,0.000000000000000000e+00,0.000000000000000000e+00,nan,nan
1.950518327906984428e+00,nan,1.295828727722167969e+04,nan,4.017236947417259216e+02,nan,4.421696777343750000e+02,0.000000000000000000e+00,0.000000000000000000e+00,nan,nan
1.955274864310307281e+00,nan,1.307538493347167969e+04,nan,2.080655759811401367e+03,nan,4.133656616210937500e+02,0.000000000000000000e+00,0.000000000000000000e+00,nan,nan
1.960394581694638427e+00,nan,1.405859970092773438e+04,nan,1.186254794120788574e+03,nan,4.111998901367187500e+02,0.000000000000000000e+00,0.000000000000000000e+00,nan,nan
1.965439398077442057e+00,nan,1.408537440490722656e+04,nan,4.215307918190956116e+02,nan,4.522359008789062500e+02,0.000000000000000000e+00,0.000000000000000000e+00,nan,nan
1.970480387606118766e+00,nan,1.407327563476562500e+04,nan,4.255776486992835999e+02,nan,4.649656982421875000e+02,0.000000000000000000e+00,0.000000000000000000e+00,nan,nan
1.975535006407195038e+00,nan,1.405483296203613281e+04,nan,4.998153821229934692e+02,nan,4.316242675781250000e+02,0.000000000000000000e+00,0.000000000000000000e+00,nan,nan
1.980580101450846842e+00,nan,1.408050926208496094e+04,nan,4.061928287744522095e+02,nan,4.414808349609375000e+02,0.000000000000000000e+00,0.000000000000000000e+00,nan,nan
1.985626276709643756e+00,nan,1.405373194885253906e+04,nan,4.105441120266914368e+02,nan,4.247396545410156250e+02,0.000000000000000000e+00,0.000000000000000000e+00,nan,nan
1.990667985612386781e+00,nan,1.406112538146972656e+04,nan,4.433272845745086670e+02,nan,4.140379028320312500e+02,0.000000000000000000e+00,0.000000000000000000e+00,nan,nan
1.995893510988532515e+00,nan,1.406254957580566406e+04,nan,4.165984978675842285e+02,nan,4.220987243652343750e+02,0.000000000000000000e+00,0.000000000000000000e+00,nan,nan
2.000964251862976440e+00,nan,1.404590638732910156e+04,nan,4.782529562711715698e+02,nan,3.967895202636718750e+02,0.000000000000000000e+00,0.000000000000000000e+00,nan,nan
2.006133025751852372e+00,nan,1.402874659729003906e+04,nan,3.856969276070594788e+02,nan,4.143417053222656250e+02,0.000000000000000000e+00,0.000000000000000000e+00,nan,nan
2.011049433941056286e+00,nan,1.405090307617187500e+04,nan,4.437151454687118530e+02,nan,4.111522216796875000e+02,0.000000000000000000e+00,0.000000000000000000e+00,nan,nan
2.015999318395272244e+00,nan,1.402820550537109375e+04,nan,3.952272937893867493e+02,nan,4.244271545410156250e+02,0.000000000000000000e+00,0.000000000000000000e+00,nan,nan
2.020997862154038760e+00,nan,1.402727970886230469e+04,nan,3.724751921296119690e+02,nan,4.059269714355468750e+02,0.000000000000000000e+00,0.000000000000000000e+00,nan,nan
2.026035296956155918e+00,nan,1.404145318603515625e+04,nan,3.743457088470458984e+02,nan,4.055522766113281250e+02,0.000000000000000000e+00,0.000000000000000000e+00,nan,nan
2.031096116749070646e+00,nan,1.401562115478515625e+04,nan,3.623513821363449097e+02,nan,4.013364868164062500e+02,0.000000000000000000e+00,0.000000000000000000e+00,nan,nan
2.035998600372238343e+00,nan,1.403535214233398438e+04,nan,4.465761684179306030e+02,nan,4.105135192871093750e+02,0.000000000000000000e+00,0.000000000000000000e+00,nan,nan
2.041080223289859497e+00,nan,1.401996641540527344e+04,nan,4.133577212095260620e+02,nan,3.982547302246093750e+02,0.000000000000000000e+00,0.000000000000000000e+00,nan,nan
2.046093565334310416e+00,nan,1.403386013793945312e+04,nan,3.551008626818656921e+02,nan,3.912321777343750000e+02,0.000000000000000000e+00,0.000000000000000000e+00,nan,nan
2.051058361664946705e+00,nan,1.403413891601562500e+04,nan,3.547440411448478699e+02,nan,3.962444458007812500e+02,0.000000000000000000e+00,0.000000000000000000e+00,nan,nan
2.056104035987393885e+00,nan,1.401657539367675781e+04,nan,4.324689165353775024e+02,nan,3.959324951171875000e+02,0.000000000000000000e+00,0.000000000000000000e+00,nan,nan
2.061291656125219696e+00,nan,1.402428570556640625e+04,nan,3.614757274985313416e+02,nan,3.842196044921875000e+02,0.000000000000000000e+00,0.000000000000000000e+00,nan,nan
2.066496984182298657e+00,nan,1.401827130126953125e+04,nan,3.421690992712974548e+02,nan,3.851606445312500000e+02,0.000000000000000000e+00,0.000000000000000000e+00,nan,nan
2.071672655901849680e+00,nan,1.401913769531250000e+04,nan,3.320601533055305481e+02,nan,3.847288208007812500e+02,0.000000000000000000e+00,0.000000000000000000e+00,nan,nan
2.076818783849070371e+00,nan,1.402221925354003906e+04,nan,3.336810451745986938e+02,nan,3.839541015625000000e+02,0.000000000000000000e+00,0.000000000000000000e+00,nan,nan
2.081881684919483888e+00,nan,1.402177137756347656e+04,nan,3.263324233889579773e+02,nan,3.775038146972656250e+02,0.000000000000000000e+00,0.000000000000000000e+00,nan,nan
2.087004382526002289e+00,nan,1.403808479309082031e+04,nan,3.263862175941467285e+02,nan,3.778467407226562500e+02,0.000000000000000000e+00,0.000000000000000000e+00,nan,nan
2.092248365814503686e+00,nan,1.404274446105957031e+04,nan,1.102872236728668213e+03,nan,2.921926269531250000e+02,0.000000000000000000e+00,0.000000000000000000e+00,nan,nan
2.097244667996592149e+00,nan,1.406436367797851562e+04,nan,3.223238732218742371e+02,nan,3.760187988281250000e+02,0.000000000000000000e+00,0.000000000000000000e+00,nan,nan
2.102461031212202514e+00,nan,1.405251623535156250e+04,nan,4.025639841556549072e+02,nan,3.761874389648437500e+02,0.000000000000000000e+00,0.000000000000000000e+00,nan,nan
2.107535437128018607e+00,nan,1.404987542724609375e+04,nan,3.172835961580276489e+02,nan,3.644344787597656250e+02,0.000000000000000000e+00,0.000000000000000000e+00,nan,nan
2.112825950819374299e+00,nan,1.405117344665527344e+04,nan,3.366563750505447388e+02,nan,3.518143310546875000e+02,0.000000000000000000e+00,0.000000000000000000e+00,nan,nan
2.117721381379740198e+00,nan,1.410688236999511719e+04,nan,6.753888006210327148e+02,nan,2.213614501953125000e+02,0.000000000000000000e+00,0.000000000000000000e+00,nan,nan
2.122312721099821164e+00,nan,1.407401211547851562e+04,nan,3.234797859787940979e+02,nan,3.659340820312500000e+02,0.000000000000000000e+00,0.000000000000000000e+00,nan,nan
2.127400263412318804e+00,nan,1.458904635620117188e+04,nan,2.281741464233398438e+04,nan,-9.272724609375000000e+02,0.000000000000000000e+00,0.000000000000000000e+00,nan,nan
2.132180901308787124e+00,nan,1.459143179321289062e+04,nan,3.181249375939369202e+02,nan,3.560166320800781250e+02,0.000000000000000000e+00,0.000000000000000000e+00,nan,nan
2.137435795142768491e+00,nan,1.457973591613769531e+04,nan,3.077671099901199341e+02,nan,3.553047790527343750e+02,0.000000000000000000e+00,0.000000000000000000e+00,nan,nan
2.142538884377490405e+00,nan,1.457095668029785156e+04,nan,3.072356653809547424e+02,nan,3.561836853027343750e+02,0.000000000000000000e+00,0.000000000000000000e+00,nan,nan
2.147710788131635962e+00,nan,1.456757215881347656e+04,nan,3.202385722994804382e+02,nan,3.520387878417968750e+02,0.000000000000000000e+00,0.000000000000000000e+00,nan,nan
2.152962427048680905e+00,nan,1.457282336425781250e+04,nan,3.183745689988136292e+02,nan,3.672912292480468750e+02,0.000000000000000000e+00,0.000000000000000000e+00,nan,nan
2.158082552164927392e+00,nan,1.455855285644531250e+04,nan,5.000637454986572266e+02,nan,3.192740783691406250e+02,0.000000000000000000e+00,0.000000000000000000e+00,nan,nan
2.163170432940929810e+00,nan,1.456767691040039062e+04,nan,5.010750501155853271e+02,nan,3.068497619628906250e+02,0.000000000000000000e+00,0.000000000000000000e+00,nan,nan
2.168427376228148962e+00,nan,1.457115895080566406e+04,nan,4.616709965467453003e+02,nan,2.802183532714843750e+02,0.000000000000000000e+00,0.000000000000000000e+00,nan,nan
2.173517681264582002e+00,nan,1.456020727539062500e+04,nan,3.759158847332000732e+02,nan,3.160114440917968750e+02,0.000000000000000000e+00,0.000000000000000000e+00,nan,nan
2.178769102341952646e+00,nan,1.457556852722167969e+04,nan,3.286165477633476257e+02,nan,3.326067810058593750e+02,0.000000000000000000e+00,0.000000000000000000e+00,nan,nan
2.183804648346628685e+00,nan,1.456643612670898438e+04,nan,3.258820011019706726e+02,nan,3.424362182617187500e+02,0.000000000000000000e+00,0.000000000000000000e+00,nan,nan
2.188982681234330041e+00,nan,1.456567892456054688e+04,nan,4.691738362312316895e+02,nan,3.068691406250000000e+02,0.000000000000000000e+00,0.000000000000000000e+00,nan,nan
2.194013713093845297e+00,nan,1.457115704345703125e+04,nan,2.907066030502319336e+02,nan,3.418052368164062500e+02,0.000000000000000000e+00,0.000000000000000000e+00,nan,nan
2.199040197755941506e+00,nan,1.456452842712402344e+04,nan,2.905328093767166138e+02,nan,3.411658325195312500e+02,0.000000000000000000e+00,0.000000000000000000e+00,nan,nan
2.204061186674860284e+00,nan,1.455499659729003906e+04,nan,2.916861920356750488e+02,nan,3.329717102050781250e+02,0.000000000000000000e+00,0.000000000000000000e+00,nan,nan
2.209210190899568715e+00,nan,1.455120315551757812e+04,nan,3.767695437669754028e+02,nan,3.273913269042968750e+02,0.000000000000000000e+00,0.000000000000000000e+00,nan,nan
2.214352118270581649e+00,nan,1.454119152832031250e+04,nan,2.863380324244499207e+02,nan,3.355576782226562500e+02,0.000000000000000000e+00,0.000000000000000000e+00,nan,nan
2.219360524911091037e+00,nan,1.453476835632324219e+04,nan,3.168887223601341248e+02,nan,3.333835449218750000e+02,0.000000000000000000e+00,0.000000000000000000e+00,nan,nan
2.224544570581878045e+00,nan,1.453153651428222656e+04,nan,2.994797006845474243e+02,nan,3.272495117187500000e+02,0.000000000000000000e+00,0.000000000000000000e+00,nan,nan
2.229665371541768248e+00,nan,1.453586022949218750e+04,nan,2.871136347055435181e+02,nan,3.359541931152343750e+02,0.000000000000000000e+00,0.000000000000000000e+00,nan,nan
2.234801640670115663e+00,nan,1.452897645568847656e+04,nan,2.768178402185440063e+02,nan,3.334995727539062500e+02,0.000000000000000000e+00,0.000000000000000000e+00,nan,nan
2.240039484056930874e+00,nan,1.453825070190429688e+04,nan,2.758040076494216919e+02,nan,3.294673461914062500e+02,0.000000000000000000e+00,0.000000000000000000e+00,nan,nan
2.245230009288863293e+00,nan,1.453048103332519531e+04,nan,3.094664019346237183e+02,nan,3.269959106445312500e+02,0.000000000000000000e+00,0.000000000000000000e+00,nan,nan
2.250397951791869300e+00,nan,1.452930154418945312e+04,nan,2.730262160897254944e+02,nan,3.253895263671875000e+02,0.000000000000000000e+00,0.000000000000000000e+00,nan,nan
2.255511852582417820e+00,nan,1.452447758483886719e+04,nan,2.688793945312500000e+02,nan,3.249476928710937500e+02,0.000000000000000000e+00,0.000000000000000000e+00,nan,nan
2.260510825582518812e+00,nan,1.454137913513183594e+04,nan,2.833402236104011536e+02,nan,3.189662170410156250e+02,0.000000000000000000e+00,0.000000000000000000e+00,nan,nan
2.265542647162204215e+00,nan,1.453078729248046875e+04,nan,2.705264427661895752e+02,nan,3.249879760742187500e+02,0.000000000000000000e+00,0.000000000000000000e+00,nan,nan
2.270493563728511965e+00,nan,1.452765615844726562e+04,nan,4.500165996551513672e+02,nan,3.094361572265625000e+02,0.000000000000000000e+00,0.000000000000000000e+00,nan,nan
2.275590817697484614e+00,nan,1.453966250610351562e+04,nan,2.769359446763992310e+02,nan,3.217856140136718750e+02,0.000000000000000000e+00,0.000000000000000000e+00,nan,nan
2.280623869555916450e+00,nan,1.453696934509277344e+04,nan,2.625357123613357544e+02,nan,3.145892333984375000e+02,0.000000000000000000e+00,0.000000000000000000e+00,nan,nan
2.285703762980665577e+00,nan,1.455468229675292969e+04,nan,4.263840973377227783e+02,nan,2.743006896972656250e+02,0.000000000000000000e+00,0.000000000000000000e+00,nan,nan
2.290756894463788829e+00,nan,1.455287953186035156e+04,nan,2.883228505849838257e+02,nan,3.085880126953125000e+02,0.000000000000000000e+00,0.000000000000000000e+00,nan,nan
2.295755777824168398e+00,nan,1.455489520263671875e+04,nan,2.986119497418403625e+02,nan,3.093058471679687500e+02,0.000000000000000000e+00,0.000000000000000000e+00,nan,nan
2.300700097769651453e+00,nan,1.453511389160156250e+04,nan,2.576557554006576538e+02,nan,3.077523193359375000e+02,0.000000000000000000e+00,0.000000000000000000e+00,nan,nan
2.305981759063548520e+00,nan,1.453482937622070312e+04,nan,2.668458116054534912e+02,nan,3.078005676269531250e+02,0.000000000000000000e+00,0.000000000000000000e+00,nan,nan
2.311177377318358150e+00,nan,1.452883692932128906e+04,nan,2.584242989420890808e+02,nan,3.066196899414062500e+02,0.000000000000000000e+00,0.000000000000000000e+00,nan,nan
2.316230520127978032e+00,nan,1.453369436645507812e+04,nan,4.674651997089385986e+02,nan,2.859667968750000000e+02,0.000000000000000000e+00,0.000000000000000000e+00,nan,nan
2.321167093065398923e+00,nan,1.454723034667968750e+04,nan,2.800583695769309998e+02,nan,3.100325927734375000e+02,0.000000000000000000e+00,0.000000000000000000e+00,nan,nan
2.326167379309624916e+00,nan,1.453099838256835938e+04,nan,3.623574621677398682e+02,nan,2.660857543945312500e+02,0.000000000000000000e+00,0.000000000000000000e+00,nan,nan
2.331189621965064962e+00,nan,1.453458230590820312e+04,nan,2.539061339497566223e+02,nan,3.136492309570312500e+02,0.000000000000000000e+00,0.000000000000000000e+00,nan,nan
2.336347552934159744e+00,nan,1.452897212219238281e+04,nan,3.381952643394470215e+02,nan,2.911284790039062500e+02,0.000000000000000000e+00,0.000000000000000000e+00,nan,nan
2.341524555885332592e+00,nan,1.455350576782226562e+04,nan,2.456511000394821167e+02,nan,3.060890502929687500e+02,0.000000000000000000e+00,0.000000000000000000e+00,nan,nan
2.346545788184450920e+00,nan,1.453970028686523438e+04,nan,1.091659570693969727e+03,nan,2.824160156250000000e+02,0.000000000000000000e+00,0.000000000000000000e+00,nan,nan
2.351648279181078216e+00,nan,1.457217544555664062e+04,nan,2.518822292089462280e+02,nan,3.076778869628906250e+02,0.000000000000000000e+00,0.000000000000000000e+00,nan,nan
2.356841613220286291e+00,nan,1.457304112243652344e+04,nan,2.591817087531089783e+02,nan,3.110163574218750000e+02,0.000000000000000000e+00,0.000000000000000000e+00,nan,nan
2.361959939645713380e+00,nan,1.456222711181640625e+04,nan,2.652401897907257080e+02,nan,3.163926696777343750e+02,0.000000000000000000e+00,0.000000000000000000e+00,nan,nan
2.367153911112353626e+00,nan,1.455679129028320312e+04,nan,3.247669594287872314e+02,nan,3.045137023925781250e+02,0.000000000000000000e+00,0.000000000000000000e+00,nan,nan
2.372217609916477787e+00,nan,1.456114726257324219e+04,nan,2.505083626508712769e+02,nan,3.122878723144531250e+02,0.000000000000000000e+00,0.000000000000000000e+00,nan,nan
2.377127201568139725e+00,nan,1.455866386413574219e+04,nan,2.614655646681785583e+02,nan,3.171293640136718750e+02,0.000000000000000000e+00,0.000000000000000000e+00,nan,nan
2.382373339502668497e+00,nan,1.454776634216308594e+04,nan,2.475393132567405701e+02,nan,3.103469238281250000e+02,0.000000000000000000e+00,0.000000000000000000e+00,nan,nan
2.387369294409037668e+00,nan,1.455557095336914062e+04,nan,2.463861093521118164e+02,nan,3.111583862304687500e+02,0.000000000000000000e+00,0.000000000000000000e+00,nan,nan
2.392751251348511854e+00,nan,1.456032395935058594e+04,nan,2.744186294078826904e+02,nan,3.047565917968750000e+02,0.000000000000000000e+00,0.000000000000000000e+00,nan,nan
2.397808648607824722e+00,nan,1.456503378295898438e+04,nan,2.589255270361900330e+02,nan,3.173275756835937500e+02,0.000000000000000000e+00,0.000000000000000000e+00,nan,nan
2.402846362983102058e+00,nan,1.458536177062988281e+04,nan,2.416558414459228516e+03,nan,-3.759365081787109375e+01,0.000000000000000000e+00,0.000000000000000000e+00,nan,nan
2.407739902118046782e+00,nan,1.458048693847656250e+04,nan,2.522527034282684326e+02,nan,3.131011352539062500e+02,0.000000000000000000e+00,0.000000000000000000e+00,nan,nan
2.412901991656177803e+00,nan,1.457898245239257812e+04,nan,2.600037426352500916e+02,nan,3.059040527343750000e+02,0.000000000000000000e+00,0.000000000000000000e+00,nan,nan
2.417867832934223138e+00,nan,1.458289675903320312e+04,nan,2.559110867977142334e+02,nan,3.208757934570312500e+02,0.000000000000000000e+00,0.000000000000000000e+00,nan,nan
2.422904762564408898e+00,nan,1.456645228576660156e+04,nan,2.506840018630027771e+02,nan,3.051986083984375000e+02,0.000000000000000000e+00,0.000000000000000000e+00,nan,nan
2.428036038305449562e+00,nan,1.456159400939941406e+04,nan,2.459732327461242676e+02,nan,3.084230957031250000e+02,0.000000000000000000e+00,0.000000000000000000e+00,nan,nan
2.433213190595051145e+00,nan,1.456489515686035156e+04,nan,2.514094660878181458e+02,nan,3.129375915527343750e+02,0.000000000000000000e+00,0.000000000000000000e+00,nan,nan
2.438206862720286416e+00,nan,1.457317900085449219e+04,nan,2.640793877840042114e+02,nan,3.040671386718750000e+02,0.000000000000000000e+00,0.000000000000000000e+00,nan,nan
2.443349749221727318e+00,nan,1.456798617553710938e+04,nan,2.726207205653190613e+02,nan,3.074542846679687500e+02,0.000000000000000000e+00,0.000000000000000000e+00,nan,nan
2.448566610861527604e+00,nan,1.455534402465820312e+04,nan,2.415180929601192474e+02,nan,3.076554565429687500e+02,0.000000000000000000e+00,0.000000000000000000e+00,nan,nan
2.453694307960124998e+00,nan,1.459067106628417969e+04,nan,2.722511947154998779e+02,nan,3.094608154296875000e+02,0.000000000000000000e+00,0.000000000000000000e+00,nan,nan
2.458860395360662920e+00,nan,1.458995309448242188e+04,nan,2.627450860142707825e+02,nan,3.101345214843750000e+02,0.000000000000000000e+00,0.000000000000000000e+00,nan,nan
2.464012324112561991e+00,nan,1.457916351318359375e+04,nan,2.633543998599052429e+02,nan,3.141610717773437500e+02,0.000000000000000000e+00,0.000000000000000000e+00,nan,nan
2.469238249027523757e+00,nan,1.458240083312988281e+04,nan,3.486438198089599609e+02,nan,2.794735107421875000e+02,0.000000000000000000e+00,0.000000000000000000e+00,nan,nan
2.474251906829186609e+00,nan,1.459286497497558594e+04,nan,2.463330335021018982e+02,nan,3.161207275390625000e+02,0.000000000000000000e+00,0.000000000000000000e+00,nan,nan
2.479294420322003756e+00,nan,1.458145440673828125e+04,nan,2.562460951209068298e+02,nan,3.023606567382812500e+02,0.000000000000000000e+00,0.000000000000000000e+00,nan,nan
2.484416479899634211e+00,nan,1.459900320434570312e+04,nan,2.509859184622764587e+02,nan,3.014944458007812500e+02,0.000000000000000000e+00,0.000000000000000000e+00,nan,nan
2.489460657122747556e+00,nan,1.459062220764160156e+04,nan,2.902354264259338379e+02,nan,2.976524963378906250e+02,0.000000000000000000e+00,0.000000000000000000e+00,nan,nan
2.494553810221581180e+00,nan,1.458474617004394531e+04,nan,2.407985078692436218e+02,nan,2.990367736816406250e+02,0.000000000000000000e+00,0.000000000000000000e+00,nan,nan
2.499690285229025477e+00,nan,1.458565536499023438e+04,nan,2.673387194871902466e+02,nan,2.927131347656250000e+02,0.000000000000000000e+00,0.000000000000000000e+00,nan,nan
2.500028569145547053e+00,nan,1.458567051696777344e+04,nan,2.476786534786224365e+02,nan,2.974722595214843750e+02,0.000000000000000000e+00,0.000000000000000000e+00,nan,nan
